snpid,chr,pos,alleles,strand,trait,cM,effect,p.value,rs,pzeid_v1
1_12249153,1,12249153,GATA/----,+,ERN,24.4,-0.21020166,3.51e-09,ss228803952,PZE0112208822
1_16948602,1,16948602,C/G,+,ERN,33.4,0.205650731,3.48e-21,ss228811486,PZE0116915952
1_16948642,1,16948642,C/T,+,ERN,33.4,0.225846973,2e-21,ss228811487,PZE0116915992
1_17001404,1,17001404,T/C,+,ERN,33.4,0.221227292,7.33e-13,ss228811605,PZE0116941481
1_177766686,1,177766686,G/A,+,ERN,95.7,0.092482975,3.05e-09,ss229495686,PZE01177628811
1_178468904,1,178468904,G/A,+,ERN,95.9,0.09718001,3.23e-09,ss229496038,PZE01178331029
99_999999999,99,999999999,G/A,+,ERN,96,0.11997658,7.84e-11,ss229496174,PZE01178591171
1_179586676,1,179586676,C/-,+,ERN,96.4,0.095400498,4.98e-10,ss229496615,PZE01179449530
1_19820021,1,19820021,C/T,+,ERN,36.2,0.179855473,2.47e-07,ss228815522,PZE0119750969
1_200697041,1,200697041,A/C,+,ERN,114.1,-0.265889392,1.68e-17,ss229516886,PZE01200527350
1_203087693,1,203087693,C/T,+,ERN,115.9,0.295030906,1.9e-19,ss229518825,PZE01202535331
1_206118613,1,206118613,--/AG,+,ERN,117.8,-0.304928804,3.72e-19,ss229520932,PZE01205543954
1_207131909,1,207131909,T/G,+,ERN,118.8,-0.316144815,1.31e-16,ss229522054,PZE01206542286
1_264266001,1,264266001,G/A,+,ERN,158.2,-0.308154532,2.83e-09,ss229572227,PZE01263378299
1_266053139,1,266053139,A/G,+,ERN,159.6,-0.239217856,4.67e-08,ss229573656,PZE01265144615
1_270981614,1,270981614,G/C,+,ERN,162.8,0.161139274,7.92e-13,ss229577812,PZE01270018756
1_275227003,1,275227003,G/A,+,ERN,166.8,0.170327318,3e-14,ss229582845,PZE01274227152
1_27552874,1,27552874,C/A,+,ERN,45.7,0.218604509,2.59e-19,ss228823910,PZE0127657771
1_27553068,1,27553068,A/C,+,ERN,45.7,0.307659481,1.63e-27,ss228823915,PZE0127657965
1_282444763,1,282444763,G/C,+,ERN,176.5,0.132310913,1.23e-09,ss229592843,PZE01281466835
1_288761477,1,288761477,A/G,+,ERN,183.7,-0.229242566,1.11e-09,ss229600604,PZE01287659374
1_28962193,1,28962193,A/-,+,ERN,47.9,-0.196236324,1.33e-08,ss228825525,PZE0129067090
1_292229164,1,292229164,GGCATC/------,+,ERN,189.1,-0.228201088,7.7e-10,ss229604744,PZE01291114277
1_293163760,1,293163760,--/AC,+,ERN,191.7,-0.242058023,1.05e-08,ss229606139,PZE01292105730
1_293633830,1,293633830,G/T,+,ERN,192.5,-0.120751818,4.98e-09,ss229606945,PZE01292566860
1_295760551,1,295760551,C/T,+,ERN,197.2,-0.165645805,2.25e-08,ss229609448,PZE01294644102
1_296993314,1,296993314,A/G,+,ERN,199.5,-0.174590817,1.31e-16,ss229611283,PZE01295872847
1_298777083,1,298777083,G/A,+,ERN,202.3,-0.127923125,8.18e-14,ss229613464,PZE01297656777
1_299284521,1,299284521,C/T,+,ERN,202.7,-0.146902697,1e-07,ss229614269,PZE01298169427
1_30448826,1,30448826,A/T,+,ERN,49.4,-0.141894555,1.34e-08,ss228827717,PZE0130497891
1_32714429,1,32714429,A/G,+,ERN,51.9,-0.279880614,4.07e-10,ss228830464,PZE0132786638
1_51761662,1,51761662,A/G,+,ERN,66.4,-0.119776142,1.05e-11,ss228851627,PZE0151847808
1_52090458,1,52090458,A/C,+,ERN,66.8,-0.134678033,7.37e-11,ss228851915,PZE0152177481
1_52321551,1,52321551,A/G,+,ERN,67.1,-0.165548831,4.62e-14,ss228852333,PZE0152408574
1_53008292,1,53008292,A/T,+,ERN,67.9,-0.16859159,1e-13,ss228853380,PZE0153095315
2_8902704,2,8902704,GCGC/----,+,ERN,26.2,0.167054863,1.82e-08,ss228904437,PZE0208872991
2_14731276,2,14731276,T/G,+,ERN,40.5,0.138844345,4.88e-08,ss228917337,PZE0214693784
2_16647997,2,16647997,-----/CAGAG,+,ERN,44.1,-0.265225046,2.03e-12,ss228920894,PZE0216644994
2_17611010,2,17611010,G/T,+,ERN,46.4,-0.190182122,1.15e-11,ss228922306,PZE0217531356
2_19133868,2,19133868,G/A,+,ERN,48.9,-0.344828061,1.35e-14,ss228924587,PZE0219054214
2_208539753,2,208539753,T/C,+,ERN,114.2,-0.129186101,5e-15,ss229686141,PZE02205613715
2_208947275,2,208947275,T/A,+,ERN,114.5,-0.117626998,5.02e-10,ss229686711,PZE02205927206
2_209018849,2,209018849,T/A,+,ERN,114.7,-0.170188027,1.96e-13,ss229687026,PZE02206069080
2_209278322,2,209278322,G/T,+,ERN,115,-0.133516236,8.81e-14,ss229687654,PZE02206335104
2_209278680,2,209278680,T/C,+,ERN,115,-0.129314855,8.31e-13,ss229687667,PZE02206335462
2_21381594,2,21381594,G/A,+,ERN,52.2,0.261355849,4.15e-07,ss228927781,PZE0221299092
2_225537282,2,225537282,T/G,+,ERN,136.5,0.163529567,1.97e-12,ss229705977,PZE02222480723
2_228802123,2,228802123,--/CG,+,ERN,139.7,0.113731092,1.15e-12,ss229707973,PZE02225777166
2_229026519,2,229026519,A/C,+,ERN,140.1,0.145561693,1.71e-12,ss229708190,PZE02225963380
2_229006996,2,229006996,T/C,+,ERN,140.1,0.184136525,1.06e-08,ss229708218,PZE02225985451
2_229009187,2,229009187,A/G,+,ERN,140.1,0.163016228,5.61e-17,ss229708231,PZE02225987642
2_229131819,2,229131819,T/G,+,ERN,140.5,0.169050593,6.56e-20,ss229708454,PZE02226123250
2_229188415,2,229188415,---/CCC,+,ERN,140.6,0.133466723,8.55e-08,ss229708473,PZE02226160411
2_229647548,2,229647548,T/G,+,ERN,141.5,0.271401725,9.58e-11,ss229708970,PZE02226619544
2_230917513,2,230917513,T/C,+,ERN,142.7,0.11205228,1.1e-08,ss229709913,PZE02227904374
2_22966976,2,22966976,A/T,+,ERN,54.9,-0.238450606,7.13e-16,ss228930604,PZE0222913479
2_232956961,2,232956961,-------/GCGGTGG,+,ERN,148.2,0.214358474,3.31e-09,ss229712419,PZE02229943260
2_23318134,2,23318134,G/C,+,ERN,55.3,-0.165167173,1.02e-11,ss228931090,PZE0223242248
2_23978590,2,23978590,A/C,+,ERN,55.9,-0.189830365,9.85e-13,ss228932332,PZE0223902704
2_24171123,2,24171123,G/A,+,ERN,56.1,-0.227277169,1.16e-13,ss228932434,PZE0224095237
2_27290812,2,27290812,C/T,+,ERN,58.4,0.313980107,8.16e-10,ss228934671,PZE0227211927
2_48823247,2,48823247,G/T,+,ERN,71.3,-0.195734846,1.92e-21,ss228956400,PZE0249240305
2_52745225,2,52745225,G/C,+,ERN,72.3,-0.191537254,3.21e-10,ss228958738,PZE0252711438
2_56112294,2,56112294,T/C,+,ERN,72.9,-0.174535076,6.79e-18,ss228961402,PZE0256076247
2_63942178,2,63942178,A/C,+,ERN,74.9,-0.149917969,5.28e-11,ss228965962,PZE0263820812
2_69029932,2,69029932,G/A,+,ERN,75.1,-0.23501221,3.81e-11,ss228968509,PZE0268949262
3_5579604,3,5579604,A/G,+,ERN,20.3,-0.136928542,2.23e-07,ss228988730,PZE0305385990
3_7747366,3,7747366,G/A,+,ERN,28.1,-0.100478979,9.03e-07,ss228993094,PZE0307555140
3_134614236,3,134614236,G/A,+,ERN,61.4,-0.22758791,2.68e-08,ss229733527,PZE03130898997
3_159868404,3,159868404,G/A,+,ERN,71.5,-0.138599855,3.91e-08,ss229752300,PZE03158606213
3_161694497,3,161694497,G/A,+,ERN,73.3,-0.21277563,2.26e-08,ss229753605,PZE03160432643
3_162180009,3,162180009,G/A,+,ERN,73.7,0.126388589,8.41e-08,ss229754524,PZE03160918155
3_165894770,3,165894770,C/A,+,ERN,75.7,-0.188176445,2.69e-20,ss229757094,PZE03164324394
3_166452427,3,166452427,G/A,+,ERN,76,-0.145134648,2.61e-08,ss229757921,PZE03164882051
3_169044562,3,169044562,G/A,+,ERN,78.5,-0.177949065,2.29e-22,ss229760631,PZE03167404968
3_169053730,3,169053730,G/C,+,ERN,78.5,-0.218321081,3.9e-09,ss229760727,PZE03167414136
3_170692288,3,170692288,G/A,+,ERN,80,-0.155492664,3.74e-07,ss229762884,PZE03169019866
3_201331091,3,201331091,A/G,+,ERN,106.8,-0.200396868,4.54e-13,ss229799689,PZE03199507600
3_205149257,3,205149257,T/C,+,ERN,111.3,0.272852336,2.37e-07,ss229803816,PZE03203360117
3_205234866,3,205234866,C/G,+,ERN,111.3,0.285751454,6.41e-08,ss229803963,PZE03203420045
3_206607034,3,206607034,T/C,+,ERN,113.2,0.300674657,5.99e-08,ss229805837,PZE03204877769
3_207148454,3,207148454,---/TAC,+,ERN,113.9,0.286581367,8.98e-08,ss229806851,PZE03205423108
3_217657095,3,217657095,T/C,+,ERN,131.1,-0.147867168,1.33e-07,ss229822148,PZE03215995316
3_217651103,3,217651103,G/A,+,ERN,131.1,-0.13848857,4.83e-13,ss229822219,PZE03215997355
3_218188462,3,218188462,-/G,+,ERN,132.8,-0.223387482,2.62e-07,ss229823679,PZE03216621884
3_220703983,3,220703983,-------/GGCCCTG,+,ERN,135.9,-0.14474129,9.66e-08,ss229826656,PZE03219129685
4_2035273,4,2035273,----/ACAG,+,ERN,5.8,-0.259054666,7.19e-09,ss229045386,PZE0401661754
4_2435401,4,2435401,A/C,+,ERN,7,-0.138244352,7.35e-09,ss229045890,PZE0402025767
4_2998402,4,2998402,T/-,+,ERN,8.9,-0.260999171,2.15e-10,ss229047245,PZE0402588768
4_3618324,4,3618324,C/T,+,ERN,11.3,-0.264219789,2.76e-08,ss229048191,PZE0403275438
4_3761846,4,3761846,G/T,+,ERN,11.8,-0.168578217,1.39e-15,ss229048387,PZE0403418960
4_5376957,4,5376957,G/C,+,ERN,18.4,-0.11900277,2.42e-08,ss229051502,PZE0405369790
4_5378934,4,5378934,T/A,+,ERN,18.4,-0.123241204,2.4e-09,ss229051522,PZE0405371767
4_136389151,4,136389151,G/A,+,ERN,59.1,-0.263861881,8.56e-10,ss229852938,PZE04135530069
4_137643272,4,137643272,C/G,+,ERN,59.3,-0.244811058,2.31e-08,ss229853505,PZE04136761204
4_142494821,4,142494821,A/C,+,ERN,60.2,-0.236360951,8.68e-10,ss229855844,PZE04141601662
4_142516000,4,142516000,A/T,+,ERN,60.2,-0.23237862,5.37e-14,ss229855857,PZE04141622841
4_196020596,4,196020596,G/T,+,ERN,106.6,-0.197020453,2.12e-12,ss229903495,PZE04201752789
4_196985444,4,196985444,T/C,+,ERN,106.9,-0.1618699,1.31e-11,ss229904339,PZE04202717647
4_197781791,4,197781791,G/A,+,ERN,107.3,-0.210453396,1.38e-11,ss229904990,PZE04203470380
4_199217501,4,199217501,A/G,+,ERN,107.9,-0.287412354,1.19e-39,ss229906516,PZE04204905230
4_199290446,4,199290446,A/G,+,ERN,108,-0.28743878,7.71e-43,ss229906605,PZE04204978175
4_200185422,4,200185422,G/A,+,ERN,108.2,-0.23244001,1.35e-12,ss229907458,PZE04205828478
4_200190059,4,200190059,A/G,+,ERN,108.2,-0.330718723,5.97e-59,ss229907469,PZE04205833115
4_200191879,4,200191879,T/A,+,ERN,108.2,-0.35183686,2.08e-56,ss229907489,PZE04205834935
4_200534922,4,200534922,C/A,+,ERN,108.3,-0.154732509,1.15e-09,ss229907778,PZE04206184615
4_226676085,4,226676085,C/G,+,ERN,114.3,-0.219359541,3.05e-13,ss229923611,PZE04232278437
4_227890178,4,227890178,T/C,+,ERN,114.8,-0.154934621,1.37e-09,ss229924216,PZE04233486589
4_228852824,4,228852824,A/C,+,ERN,115.1,-0.29734288,1.33e-08,ss229924909,PZE04234455821
4_234118166,4,234118166,T/C,+,ERN,120.8,-0.23825412,1.93e-11,ss229929881,PZE04239721528
4_235722522,4,235722522,A/T,+,ERN,125.9,-0.178768058,2.14e-15,ss229933023,PZE04241334540
4_235722631,4,235722631,-/A,+,ERN,125.9,-0.231511456,1.13e-26,ss229933028,PZE04241334649
4_235722728,4,235722728,A/T,+,ERN,125.9,-0.264214868,1.11e-11,ss229933035,PZE04241334746
4_235722730,4,235722730,G/C,+,ERN,125.9,-0.213707293,1.05e-10,ss229933036,PZE04241334748
4_235746388,4,235746388,C/G,+,ERN,126,-0.222039087,5.8e-22,ss229933183,PZE04241358406
4_236091061,4,236091061,G/C,+,ERN,126.8,-0.208626155,4.09e-30,ss229933379,PZE04241703079
4_236393135,4,236393135,A/G,+,ERN,128,-0.138495132,9.02e-09,ss229933871,PZE04242005153
4_236395145,4,236395145,T/C,+,ERN,128,-0.189618142,5.83e-23,ss229933933,PZE04242007163
4_67940518,4,67940518,A/G,+,ERN,56.2,-0.175897279,2.75e-15,ss229089433,PZE0475262818
5_4602597,5,4602597,T/G,+,ERN,15.3,0.208232187,2.06e-08,ss229109829,PZE0504592341
5_6278237,5,6278237,T/C,+,ERN,23.4,-0.199763139,1.03e-09,ss229113945,PZE0506267574
5_6327598,5,6327598,G/C,+,ERN,23.6,-0.138988537,9.21e-08,ss229114135,PZE0506316935
5_6435288,5,6435288,T/C,+,ERN,24,0.193249613,5e-09,ss229114611,PZE0506424625
5_6617304,5,6617304,C/A,+,ERN,24.6,-0.151269007,1.07e-10,ss229115194,PZE0506595660
5_6617591,5,6617591,A/G,+,ERN,24.6,0.237365825,1.18e-10,ss229115195,PZE0506595947
5_6618581,5,6618581,-/A,+,ERN,24.6,0.222225386,9.26e-10,ss229115211,PZE0506596937
5_6683485,5,6683485,A/G,+,ERN,24.9,-0.20931621,1.71e-10,ss229115319,PZE0506673601
5_7589567,5,7589567,-------/GAGCGGT,+,ERN,28.7,-0.242689141,2.89e-09,ss229117041,PZE0507569374
5_9332023,5,9332023,A/G,+,ERN,30.8,-0.224374655,2.55e-10,ss229119259,PZE0509277393
5_123809479,5,123809479,T/C,+,ERN,70.8,-0.149699888,3.29e-10,ss229948236,PZE05123103233
5_127023540,5,127023540,G/T,+,ERN,70.9,-0.195706877,5.29e-13,ss229949240,PZE05126309823
5_14101544,5,14101544,C/-,+,ERN,42.8,-0.175000202,3.09e-12,ss229127379,PZE0514032238
5_141825053,5,141825053,A/G,+,ERN,71.7,-0.269174016,9.46e-14,ss229955085,PZE05141098554
5_141855549,5,141855549,G/A,+,ERN,71.7,-0.249317599,7.8e-13,ss229955104,PZE05141139887
5_146367755,5,146367755,C/T,+,ERN,72.6,-0.345750901,6.94e-15,ss229957679,PZE05145621663
5_15463951,5,15463951,G/A,+,ERN,45.8,-0.200569815,2.19e-14,ss229129497,PZE0515351496
5_15463957,5,15463957,A/C,+,ERN,45.8,-0.208248249,1.77e-12,ss229129498,PZE0515351502
5_164861622,5,164861622,-/G,+,ERN,76.9,-0.172182065,1.08e-14,ss229966921,PZE05164298794
5_164861444,5,164861444,G/C,+,ERN,76.9,-0.133727364,8.42e-10,ss229966930,PZE05164298972
5_18675358,5,18675358,C/T,+,ERN,49.3,-0.228452962,5.78e-15,ss229133261,PZE0518573336
5_19679563,5,19679563,A/C,+,ERN,50.3,-0.171141571,5.21e-12,ss229134443,PZE0519577541
5_19679773,5,19679773,T/C,+,ERN,50.3,-0.122396748,1.87e-09,ss229134446,PZE0519577751
5_19679800,5,19679800,--/CA,+,ERN,50.3,-0.136319137,1.11e-12,ss229134447,PZE0519577778
5_206562849,5,206562849,C/G,+,ERN,119.3,-0.160432634,2.48e-07,ss230017633,PZE05205479781
5_207708429,5,207708429,C/T,+,ERN,123.1,0.16343613,1.59e-07,ss230019949,PZE05206664727
5_212874384,5,212874384,G/C,+,ERN,138.9,0.160183326,2.18e-07,ss230032594,PZE05212077084
5_213059003,5,213059003,C/T,+,ERN,139.8,0.402422246,7.69e-15,ss230033074,PZE05212261703
5_213260166,5,213260166,T/C,+,ERN,140.7,0.269154819,2.4e-15,ss230033500,PZE05212461617
5_213747748,5,213747748,T/C,+,ERN,142.9,0.400569864,3.01e-13,ss230034955,PZE05212944985
5_35159221,5,35159221,G/T,+,ERN,58,0.245701468,1.14e-08,ss229146241,PZE0534482129
5_36593659,5,36593659,A/C,+,ERN,58.2,0.270357009,1.19e-07,ss229147032,PZE0535903602
5_43652634,5,43652634,--/AC,+,ERN,59.3,-0.328014049,3.2e-12,ss229150506,PZE0542990244
5_61516168,5,61516168,C/T,+,ERN,63.4,-0.23352524,1.96e-18,ss229162017,PZE0560808451
5_61748886,5,61748886,C/T,+,ERN,63.5,0.310014541,9.58e-10,ss229162361,PZE0561041169
5_77131074,5,77131074,T/C,+,ERN,67.1,-0.17243251,4.34e-21,ss229172120,PZE0576443554
6_113036568,6,113036568,C/A,+,ERN,40.5,0.137191555,1.61e-07,ss230053855,PZE06113193305
6_115573847,6,115573847,T/C,+,ERN,41.8,0.078428379,9.61e-07,ss230055716,PZE06115725215
6_125987080,6,125987080,T/C,+,ERN,46.7,0.185093905,1.44e-08,ss230062908,PZE06126253745
6_128467407,6,128467407,C/T,+,ERN,47.6,0.129278679,5.97e-10,ss230064475,PZE06128736838
6_152775677,6,152775677,------/CTTCAG,+,ERN,67.8,0.21108496,3.94e-10,ss230090906,PZE06152925744
6_152907676,6,152907676,G/T,+,ERN,68,0.20164098,4.4e-09,ss230091083,PZE06153057743
6_153759990,6,153759990,---/CTA,+,ERN,69.4,-0.261418209,6.43e-17,ss230092846,PZE06153910057
6_157219131,6,157219131,T/C,+,ERN,76.7,0.164720894,7.91e-10,ss230099668,PZE06157320070
6_158643178,6,158643178,G/C,+,ERN,79.4,0.123557202,1.96e-08,ss230102327,PZE06158765860
6_168066762,6,168066762,A/G,+,ERN,108.6,-0.089614512,1.51e-07,ss230122053,PZE06168810849
6_167985688,6,167985688,A/C,+,ERN,108.7,-0.107559979,5.26e-07,ss230122169,PZE06168874099
6_45344700,6,45344700,A/G,+,ERN,8.3,-0.12954727,2.86e-07,ss229202375,PZE0637944186
6_16291869,6,16291869,G/C,+,ERN,8.5,0.197148318,5.31e-20,ss229204122,PZE0645409021
6_83935796,6,83935796,G/A,+,ERN,12.1,-0.1398293,2.07e-07,ss229219894,PZE0682773923
6_89686818,6,89686818,T/C,+,ERN,15.9,-0.115667611,6e-08,ss229224724,PZE0688567740
6_89691332,6,89691332,A/G,+,ERN,15.9,-0.132242824,3.32e-08,ss229224751,PZE0688572254
6_93237796,6,93237796,A/G,+,ERN,18.8,-0.095642711,4.13e-07,ss229226986,PZE0692124510
7_107231849,7,107231849,T/C,+,ERN,51.4,-0.245008891,4.6e-09,ss230124006,PZE07101799244
7_115549380,7,115549380,G/C,+,ERN,55.7,0.214413328,1e-07,ss230128794,PZE07110144032
7_118127966,7,118127966,G/A,+,ERN,57,0.224892714,8.15e-13,ss230130591,PZE07112725793
7_121011622,7,121011622,T/G,+,ERN,58.5,0.167895453,2.9e-11,ss230132574,PZE07115627816
7_122071751,7,122071751,G/A,+,ERN,59,0.184046598,1.22e-13,ss230134091,PZE07116651331
7_122701373,7,122701373,C/G,+,ERN,59.3,0.249988303,4.15e-10,ss230134533,PZE07117280953
7_128381601,7,128381601,C/A,+,ERN,63.2,0.161663593,3.95e-10,ss230140941,PZE07122633428
7_128420528,7,128420528,G/A,+,ERN,63.2,0.164322957,8.16e-11,ss230140957,PZE07122672355
7_129236043,7,129236043,-------/ACGGTGC,+,ERN,63.6,-0.21794891,1.23e-07,ss230141501,PZE07123515105
7_129234393,7,129234393,G/T,+,ERN,63.6,-0.338538034,2.3e-11,ss230141514,PZE07123516755
7_130248133,7,130248133,T/C,+,ERN,64.8,-0.134139261,2.81e-07,ss230143111,PZE07124479270
7_13566860,7,13566860,G/C,+,ERN,40.3,-0.145161877,8.98e-07,ss229249694,PZE0713444198
7_145077282,7,145077282,T/G,+,ERN,77.9,0.297421955,1.81e-12,ss230158801,PZE07139500655
7_164661579,7,164661579,T/G,+,ERN,104.3,-0.11894093,5.04e-13,ss230186204,PZE07158977410
7_165509906,7,165509906,T/G,+,ERN,106.2,-0.128611566,2.13e-10,ss230188282,PZE07159824413
7_167506992,7,167506992,A/G,+,ERN,111.2,-0.116305774,4.23e-11,ss230191796,PZE07161786138
7_168167971,7,168167971,---/TGT,+,ERN,113,-0.135944832,5.04e-12,ss230193594,PZE07162452399
7_168905256,7,168905256,C/A,+,ERN,115.1,-0.210321918,2.88e-09,ss230195078,PZE07163190710
7_169449883,7,169449883,C/G,+,ERN,115.9,0.157892746,2.72e-09,ss230195878,PZE07163735437
7_20995831,7,20995831,G/A,+,ERN,45.2,0.170472199,1.36e-22,ss229255117,PZE0720983428
7_21636228,7,21636228,C/G,+,ERN,45.6,0.171726719,1.78e-20,ss229255718,PZE0721623825
8_12572819,8,12572819,C/T,+,ERN,32.3,-0.173507689,1.25e-09,ss229301739,PZE0812688626
8_13601350,8,13601350,G/A,+,ERN,35.1,-0.211743524,2.93e-09,ss229303300,PZE0813658770
8_13806157,8,13806157,G/A,+,ERN,35.7,-0.240356991,3.6e-11,ss229303535,PZE0813861170
8_157972701,8,157972701,A/G,+,ERN,83.6,0.129943569,5.3e-07,ss230253528,PZE08156659238
8_159798802,8,159798802,G/A,+,ERN,86.6,0.170956326,2.36e-07,ss230255713,PZE08158507582
8_162532858,8,162532858,G/A,+,ERN,90.9,0.097878232,8.63e-08,ss230260013,PZE08161236631
8_163724905,8,163724905,C/T,+,ERN,92.1,0.117772361,1.04e-07,ss230261936,PZE08162428579
8_167283839,8,167283839,CTA/---,+,ERN,104.2,0.156141394,7.32e-24,ss230269895,PZE08166000663
8_167703364,8,167703364,T/G,+,ERN,105.4,0.159680847,1.37e-24,ss230270582,PZE08166439497
8_168020311,8,168020311,--/TA,+,ERN,106.2,0.16003353,1.38e-24,ss230271127,PZE08166726829
8_168953158,8,168953158,C/G,+,ERN,109.8,0.147205377,7.31e-17,ss230272563,PZE08167665775
8_169192148,8,169192148,G/C,+,ERN,110.8,0.153527076,4.83e-17,ss230273326,PZE08167910846
8_17421490,8,17421490,A/C,+,ERN,40.4,-0.21116132,2.53e-09,ss229307935,PZE0817464056
8_18976384,8,18976384,C/T,+,ERN,40.8,-0.211247848,2.41e-09,ss229308006,PZE0817705385
8_18366752,8,18366752,C/A,+,ERN,41.8,0.297712504,8.09e-20,ss229308691,PZE0818315017
8_18219458,8,18219458,G/A,+,ERN,42,0.142246424,1.02e-06,ss229309038,PZE0818462311
8_19121519,8,19121519,T/G,+,ERN,43.1,0.337627489,2.59e-20,ss229309615,PZE0819156179
8_19234832,8,19234832,G/-,+,ERN,43.3,0.349081381,6.72e-22,ss229309830,PZE0819269492
9_1590298,9,1590298,-----/CACCT,+,ERN,-6.4,0.230689163,2.47e-07,ss229347000,PZE0901586836
9_4279768,9,4279768,A/G,+,ERN,0.7,-0.175254805,1.06e-27,ss229349552,PZE0904225246
9_4437465,9,4437465,C/T,+,ERN,1.2,-0.132583795,2.37e-07,ss229349849,PZE0904382943
9_4656722,9,4656722,T/C,+,ERN,1.7,-0.182258874,3.82e-30,ss229350132,PZE0904600823
9_6491295,9,6491295,T/C,+,ERN,6.7,-0.173442012,3.12e-24,ss229351806,PZE0906445337
9_6491625,9,6491625,A/G,+,ERN,6.7,-0.182023038,1.5e-28,ss229351812,PZE0906445667
9_6491978,9,6491978,G/C,+,ERN,6.7,-0.22451792,4.15e-31,ss229351815,PZE0906446020
9_6573534,9,6573534,A/G,+,ERN,6.9,-0.173147187,9.56e-15,ss229351856,PZE0906527576
9_108344502,9,108344502,G/A,+,ERN,52.2,-0.157390168,2.35e-09,ss230291024,PZE09105254789
9_116235138,9,116235138,G/C,+,ERN,55.7,-0.120651972,1.25e-08,ss230296898,PZE09112666700
9_11440170,9,11440170,CCAG/----,+,ERN,18.6,0.135626077,1.09e-08,ss229356509,PZE0911319358
9_118923900,9,118923900,A/C,+,ERN,56.9,-0.108983996,1.26e-07,ss230299276,PZE09115372965
9_138688357,9,138688357,AAT/---,+,ERN,70.7,-0.198233526,2.49e-19,ss230316967,PZE09134290201
9_138688564,9,138688564,-------/GCAATAT,+,ERN,70.7,-0.190025988,3.28e-19,ss230316977,PZE09134290408
9_139948749,9,139948749,C/G,+,ERN,72.7,-0.191799498,9.52e-22,ss230319148,PZE09135538054
9_139963328,9,139963328,AGG/---,+,ERN,72.7,-0.169096546,8.41e-15,ss230319203,PZE09135560787
9_146761201,9,146761201,C/T,+,ERN,88.1,0.175177657,5.39e-09,ss230329045,PZE09142346038
9_146761464,9,146761464,A/C,+,ERN,88.1,0.106494413,1.27e-09,ss230329053,PZE09142346301
9_146813206,9,146813206,C/A,+,ERN,88.3,0.148371782,5.12e-10,ss230329167,PZE09142398043
9_147484245,9,147484245,G/A,+,ERN,89.7,0.287475432,7.94e-09,ss230330210,PZE09143054893
9_147510858,9,147510858,T/G,+,ERN,89.8,0.228743089,2.18e-08,ss230330326,PZE09143081506
9_14539256,9,14539256,C/T,+,ERN,25,0.165064113,1.07e-08,ss229360526,PZE0914437756
9_42586428,9,42586428,---/CCA,+,ERN,45.3,-0.202493149,3.93e-12,ss229379994,PZE0942601876
9_47438831,9,47438831,G/C,+,ERN,45.4,-0.268306947,1.05e-10,ss229381969,PZE0947533047
9_74069584,9,74069584,G/A,+,ERN,45.8,-0.224778131,3.62e-08,ss229389763,PZE0970542706
9_98686921,9,98686921,T/A,+,ERN,48.8,-0.216245081,1.85e-11,ss229403519,PZE0995724857
10_113129977,10,113129977,C/G,+,ERN,45.2,-0.413049693,3.82e-16,ss230353564,PZE10112928964
10_117476416,10,117476416,A/T,+,ERN,46.7,0.195848401,1.78e-06,ss230356888,PZE10117282418
10_122271581,10,122271581,C/T,+,ERN,48.2,-0.420388498,4.17e-17,ss230361198,PZE10121974469
10_124185287,10,124185287,G/A,+,ERN,48.7,-0.378702188,2.03e-14,ss230362325,PZE10123843690
10_127813721,10,127813721,G/A,+,ERN,50.9,-0.399002178,1.62e-14,ss230366197,PZE10127468046
10_132613171,10,132613171,C/A,+,ERN,56.1,-0.242251644,2.41e-09,ss230371982,PZE10132249110
10_133269498,10,133269498,T/A,+,ERN,56.9,-0.328673807,7.87e-14,ss230372689,PZE10132891165
10_133370422,10,133370422,G/A,+,ERN,57.1,-0.189180335,9.2e-10,ss230373202,PZE10132992089
10_133681246,10,133681246,G/A,+,ERN,57.5,-0.289050461,7.55e-11,ss230373689,PZE10133302813
10_136617053,10,136617053,-/C,+,ERN,62.4,-0.298480148,3.51e-11,ss230379129,PZE10136255205
10_137833143,10,137833143,G/A,+,ERN,64.7,-0.193748329,3.6e-23,ss230381635,PZE10137465362
10_139292647,10,139292647,A/G,+,ERN,67.7,0.17659099,1.75e-07,ss230384061,PZE10138930309
10_142167917,10,142167917,A/G,+,ERN,75.3,-0.124748812,4.44e-09,PZE10141806805,PZE10141806805
10_142799061,10,142799061,G/C,+,ERN,77.7,-0.256137739,2.71e-08,PZE10142437949,PZE10142437949
10_143388294,10,143388294,C/G,+,ERN,79.7,-0.142230307,1.28e-06,PZE10142983634,PZE10142983634
10_14728369,10,14728369,A/T,+,ERN,32.4,0.150116912,6.07e-09,ss229422478,PZE1014786317
10_25514722,10,25514722,G/A,+,ERN,35.7,0.229671997,2.33e-09,ss229427471,PZE1025514309
10_26349062,10,26349062,----/TTTT,+,ERN,35.8,0.139621922,5.38e-10,ss229427807,PZE1026348649
10_60481497,10,60481497,-/T,+,ERN,36.2,-0.259484069,3.21e-07,ss229434207,PZE1044539241
10_38689208,10,38689208,G/A,+,ERN,36.2,-0.277502544,9.74e-08,ss229435589,PZE1047863042
10_65705189,10,65705189,A/G,+,ERN,36.7,0.194655842,1.93e-08,ss229441880,PZE1065474867
10_70254398,10,70254398,G/A,+,ERN,36.9,0.438086706,1.32e-18,ss229444079,PZE1070027316
10_71557592,10,71557592,C/T,+,ERN,37,0.377817002,2.18e-20,ss229444814,PZE1071315927
10_73001751,10,73001751,C/T,+,ERN,37.4,0.329915022,2.15e-15,ss229445535,PZE1072760086
