Pedigree,Genotype,Note,KRN,QS,TS,date
10g-1503-21@,Z015E0230,M162W,16,3,T,3.24.2011
10g-1504-21@,Z002E0217,CML103,16,5,S,3.24.2011
10g-1504-22@,Z002E0217,CML103,16,5,S,3.24.2011
10g-1505-21@,Z003E0212,CML228,14,2,T,3.24.2011
10g-1505-22@,Z003E0212,CML228,14,2,T,3.24.2011
10g-1505-23@,Z003E0212,CML228,16,3,T,3.24.2011
10g-1505-24@,Z003E0212,CML228,14,3,T,3.24.2011
10g-1506-21@,Z025E0218,Tx303,14,3,T,3.24.2011
10g-1506-22@,Z025E0218,Tx303,,,,3.24.2011
10g-1506-23@,Z025E0218,Tx303,,,,3.24.2011
10g-1507-21@,Z025E0238,Tx303,18,3,S,3.24.2011
10g-1507-22@,Z025E0238,Tx303,20,4,T,3.24.2011
10g-1507-23@,Z025E0238,Tx303,20,4,T,3.24.2011
10g-1507-24@,Z025E0238,Tx303,,,,3.24.2011
10g-1508-21@,Z009E0214,CML69,16,4,S,3.24.2011
10g-1508-22@,Z009E0214,CML69,12,5,S,3.24.2011
10g-1508-23@,Z009E0214,CML69,,,,3.24.2011
10g-1509-21@,Z009E0219,CML69,12,5,S,3.24.2011
10g-1509-22@,Z009E0219,CML69,12,5,S,3.24.2011
10g-1509-23@,Z009E0219,CML69,12,5,S,3.24.2011
10g-1509-24@,Z009E0219,CML69,,,,3.24.2011
10g-1510-21@,Z021E0205,NC358,23,4,S,3.24.2011
10g-1510-22@,Z021E0205,NC358,18,1,S,3.24.2011
10g-1510-23@,Z021E0205,NC358,18,5,S,3.24.2011
10g-1511-21@,Z021E0216,NC358,16,2,S,3.24.2011
10g-1511-22@,Z021E0216,NC358,14,2,S,3.24.2011
10g-1511-23@,Z021E0216,NC358,16,2,S,3.24.2011
10g-1512-21@,Z016E0220,M37W,12,4,S,3.24.2011
10g-1512-22@,Z016E0220,M37W,14,3,S,3.24.2011
10g-1512-23@,Z016E0220,M37W,14,3,S,3.24.2011
10g-1513-21@,Z002E0197,CML103,18,5,S,3.24.2011
10g-1513-22@,Z002E0197,CML103,16,5,S,3.24.2011
10g-1513-23@,Z002E0197,CML103,14,5,S,3.24.2011
10g-1513-24@,Z002E0197,CML103,16,5,S,3.24.2011
10g-1513-25@,Z002E0197,CML103,,,,3.24.2011
10g-1514-21@,Z003E0197,CML228,20,3,T,3.24.2011
10g-1514-22@,Z003E0197,CML228,16,4,S,3.24.2011
10g-1514-23@,Z003E0197,CML228,18,3,S,3.24.2011
10g-1514-24@,Z003E0197,CML228,18,2,S,3.24.2011
10g-1514-25@,Z003E0197,CML228,20,3,T,3.24.2011
10g-1516-21@,Z005E0188,CML277,14,4,S,3.24.2011
10g-1516-22@,Z005E0188,CML277,16,3,S,3.24.2011
10g-1517-21@,Z006E0147,CML322,12,5,S,3.24.2011
10g-1517-22@,Z006E0147,CML322,12,4,S,3.24.2011
10g-1517-23@,Z006E0147,CML322,12,5,S,3.24.2011
10g-1517-24@,Z006E0147,CML322,16,4,S,3.24.2011
10g-1517-25@,Z006E0147,CML322,12,5,S,3.24.2011
10g-1518-21@,Z006E0189,CML322,17,3,T,3.24.2011
10g-1518-22@,Z006E0189,CML322,18,3,T,3.24.2011
10g-1518-23@,Z006E0189,CML322,18,3,T,3.24.2011
10g-1518-24@,Z006E0189,CML322,,,,3.24.2011
10g-1519-21@,Z006E0193,CML322,16,5,S,3.24.2011
10g-1519-22@,Z006E0193,CML322,12,4,S,3.24.2011
10g-1519-23@,Z006E0193,CML322,14,5,S,3.24.2011
10g-1519-24@,Z006E0193,CML322,16,5,S,3.24.2011
10g-1520-21@,Z009E0139,CML69,14,4,S,3.24.2011
10g-1520-22@,Z009E0139,CML69,14,4,S,3.24.2011
10g-1520-23@,Z009E0139,CML69,16,4,S,3.24.2011
10g-1520-24@,Z009E0139,CML69,14,3,S,3.24.2011
10g-1521-21@,Z010E0141,Hp301,16,4,S,3.24.2011
10g-1521-22@,Z010E0141,Hp301,14,4,S,3.24.2011
10g-1521-23@,Z010E0141,Hp301,14,3,S,3.24.2011
10g-1521-24@,Z010E0141,Hp301,,,,3.24.2011
10g-1521-25@,Z010E0141,Hp301,,,,3.24.2011
10g-1522-21@,Z010E0148,Hp301,12,2,S,3.24.2011
10g-1522-22@,Z010E0148,Hp301,14,1,S,3.24.2011
10g-1522-23@,Z010E0148,Hp301,14,1,S,3.24.2011
10g-1522-24@,Z010E0148,Hp301,,,,3.24.2011
10g-1523-21@,Z010E0154,Hp301,,,,3.24.2011
10g-1523-22@,Z010E0154,Hp301,,,,3.24.2011
10g-1524-21@,Z011E0167,Il14H,14,1,S,3.24.2011
10g-1524-22@,Z011E0167,Il14H,,,,3.24.2011
10g-1524-23@,Z011E0167,Il14H,,,,3.24.2011
10g-1524-24@,Z011E0167,Il14H,,,,3.24.2011
10g-1526-21@,Z011E0169,Il14H,12,5,S,3.24.2011
10g-1526-22@,Z011E0169,Il14H,14,5,S,3.24.2011
10g-1526-23@,Z011E0169,Il14H,14,3,T,3.24.2011
10g-1526-24@,Z011E0169,Il14H,,,,3.24.2011
10g-1526-25@,Z011E0169,Il14H,,,,3.24.2011
10g-1527-21@,Z011E0176,Il14H,16,5,S,3.24.2011
10g-1527-22@,Z011E0176,Il14H,14,3,T,3.24.2011
10g-1527-23@,Z011E0176,Il14H,15,3,T,3.24.2011
10g-1527-24@,Z011E0176,Il14H,15,3,T,3.24.2011
10g-1528-21@,Z011E0195,Il14H,14,1,T,3.24.2011
10g-1528-22@,Z011E0195,Il14H,16,1,S,3.24.2011
10g-1529-21@,Z011E0198,Il14H,14,2,S,3.24.2011
10g-1529-22@,Z011E0198,Il14H,,,,3.24.2011
10g-1530-21@,Z011E0199,Il14H,16,2,S,3.24.2011
10g-1530-22@,Z011E0199,Il14H,14,1,S,3.24.2011
10g-1531-21@,Z012E0159,Ki11,18,5,S,3.24.2011
10g-1531-22@,Z012E0159,Ki11,16,5,S,3.24.2011
10g-1531-23@,Z012E0159,Ki11,14,4,S,3.24.2011
10g-1531-24@,Z012E0159,Ki11,16,5,S,3.24.2011
10g-1531-25@,Z012E0159,Ki11,16,5,S,3.24.2011
10g-1532-21@,Z014E0167,Ky21,16,4,T,3.24.2011
10g-1532-22@,Z014E0167,Ky21,18,3,T,3.24.2011
10g-1532-23@,Z014E0167,Ky21,12,2,T,3.24.2011
10g-1532-24@,Z014E0167,Ky21,14,3,S,3.24.2011
10g-1533-21@,Z015E0113,M162W,14,5,S,3.24.2011
10g-1533-22@,Z015E0113,M162W,14,5,S,3.24.2011
10g-1533-23@,Z015E0113,M162W,,,,3.24.2011
10g-1534-21@,Z015E0232,M162W,16,3,S,3.24.2011
10g-1534-22@,Z015E0232,M162W,16,5,S,3.24.2011
10g-1534-23@,Z015E0232,M162W,16,4,T,3.24.2011
10g-1534-24@,Z015E0232,M162W,14,4,S,3.24.2011
10g-1535-21@,Z015E0236,M162W,14,5,S,3.24.2011
10g-1535-22@,Z015E0236,M162W,12,4,S,3.24.2011
10g-1535-23@,Z015E0236,M162W,16,2,S,3.24.2011
10g-1535-24@,Z015E0236,M162W,,,,3.24.2011
10g-1536-21@,Z015E0242,M162W,14,5,S,3.24.2011
10g-1537-21@,Z015E0243,M162W,16,5,S,3.24.2011
10g-1537-22@,Z015E0243,M162W,16,3,S,3.24.2011
10g-1537-23@,Z015E0243,M162W,18,2,S,3.24.2011
10g-1538-21@,Z016E0251,M37W,18,5,S,3.24.2011
10g-1538-22@,Z016E0251,M37W,16,5,S,3.24.2011
10g-1538-23@,Z016E0251,M37W,16,4,S,3.24.2011
10g-1538-24@,Z016E0251,M37W,,,,3.24.2011
10g-1539-21@,Z016E0254,M37W,14,5,S,3.24.2011
10g-1539-22@,Z016E0254,M37W,12,5,S,3.24.2011
10g-1539-23@,Z016E0254,M37W,16,3,S,3.24.2011
10g-1540-21@,Z018E0125,Mo18W,24,3,T,3.24.2011
10g-1540-22@,Z018E0125,Mo18W,20,3,T,3.24.2011
10g-1540-23@,Z018E0125,Mo18W,20,3,T,3.24.2011
10g-1540-24@,Z018E0125,Mo18W,18,2,T,3.24.2011
10g-1541-21@,Z019E0194,MS71,20,4,S,3.24.2011
10g-1541-22@,Z019E0194,MS71,18,5,S,3.24.2011
10g-1541-23@,Z019E0194,MS71,20,3,S,3.24.2011
10g-1541-24@,Z019E0194,MS71,,,,3.24.2011
10g-1542-21@,Z022E0087,Oh43,14,4,S,3.24.2011
10g-1542-22@,Z022E0087,Oh43,16,5,S,3.24.2011
10g-1542-23@,Z022E0087,Oh43,14,2,S,3.24.2011
10g-1543-21@,Z023E0075,Oh7B,14,4,S,3.24.2011
10g-1543-22@,Z023E0075,Oh7B,18,5,S,3.24.2011
10g-1543-23@,Z023E0075,Oh7B,18,4,S,3.24.2011
10g-1543-24@,Z023E0075,Oh7B,16,3,S,3.24.2011
10g-1544-21@,Z026E0071,Tzi8,18,4,S,3.24.2011
10g-1544-22@,Z026E0071,Tzi8,22,3,T,3.24.2011
10g-1544-23@,Z026E0071,Tzi8,18,3,T,3.24.2011
10g-1544-24@,Z026E0071,Tzi8,18,2,T,3.24.2011
10g-1545-21@,Z026E0230,Tzi8,16,2,S,3.24.2011
10g-1545-22@,Z026E0230,Tzi8,16,1,S,3.24.2011
10g-1546-21@,Z026E0231,Tzi8,12,5,S,3.24.2011
10g-1546-22@,Z026E0231,Tzi8,12,5,S,3.24.2011
10g-1546-23@,Z026E0231,Tzi8,12,5,S,3.24.2011
10g-1546-24@,Z026E0231,Tzi8,10,5,S,3.24.2011
10g-1546-25@,Z026E0231,Tzi8,12,4,S,3.24.2011
10g-1547-21@,Z026E0232,Tzi8,12,4,S,3.24.2011
10g-1547-22@,Z026E0232,Tzi8,12,4,S,3.24.2011
10g-1547-23@,Z026E0232,Tzi8,10,2,S,3.24.2011
10g-1548-21@,Z013E0204,Ki3,12,5,S,3.24.2011
10g-1548-22@,Z013E0204,Ki3,14,5,S,3.24.2011
10g-1548-23@,Z013E0204,Ki3,14,4,S,3.24.2011
10g-1548-24@,Z013E0204,Ki3,12,3,S,3.24.2011
10g-1549-21@,Z013E0207,Ki3,14,5,T,3.24.2011
10g-1549-22@,Z013E0207,Ki3,14,5,T,3.24.2011
10g-1550-21@,Z013E0213,Ki3,16,5,S,3.24.2011
10g-1550-22@,Z013E0213,Ki3,,,,3.24.2011
10g-1551-21@,Z013E0216,Ki3,18,5,S,3.24.2011
10g-1551-22@,Z013E0216,Ki3,16,5,S,3.24.2011
10g-1551-23@,Z013E0216,Ki3,18,4,T,3.24.2011
10g-1552-21@,Z013E0218,Ki3,14,4,T,3.24.2011
10g-1552-22@,Z013E0218,Ki3,16,4,S,3.24.2011
10g-1552-23@,Z013E0218,Ki3,16,3,T,3.24.2011
10g-1553-21@,Z013E0221,Ki3,12,5,S,3.24.2011
10g-1553-22@,Z013E0221,Ki3,12,5,S,3.24.2011
10g-1553-23@,Z013E0221,Ki3,14,5,T,3.24.2011
10g-1554-21@,Z013E0224,Ki3,16,5,S,3.24.2011
10g-1554-22@,Z013E0224,Ki3,18,5,S,3.24.2011
10g-1554-23@,Z013E0224,Ki3,12,4,S,3.24.2011
10g-1555-21@,Z013E0225,Ki3,20,5,S,3.24.2011
10g-1555-22@,Z013E0225,Ki3,16,5,S,3.24.2011
10g-1555-23@,Z013E0225,Ki3,18,5,S,3.24.2011
10g-1555-24@,Z013E0225,Ki3,,,,3.24.2011
10g-1556-21@,Z013E0227,Ki3,16,5,S,3.24.2011
10g-1556-22@,Z013E0227,Ki3,15,4,S,3.24.2011
10g-1556-23@,Z013E0227,Ki3,12,3,S,3.24.2011
10g-1556-24@,Z013E0227,Ki3,,,,3.24.2011
10g-1557-21@,Z013E0228,Ki3,14,4,S,3.24.2011
10g-1557-22@,Z013E0228,Ki3,12,5,S,3.24.2011
10g-1557-23@,Z013E0228,Ki3,12,4,S,3.24.2011
10g-1557-24@,Z013E0228,Ki3,,,,3.24.2011
10g-1558-21@,Z013E0229,Ki3,16,3,S,3.24.2011
10g-1558-22@,Z013E0229,Ki3,16,2,S,3.24.2011
10g-1558-23@,Z013E0229,Ki3,,,,3.24.2011
10g-1558-24@,Z013E0229,Ki3,,,,3.24.2011
10g-1559-21@,Z013E0231,Ki3,18,4,S,3.24.2011
10g-1559-22@,Z013E0231,Ki3,16,4,S,3.24.2011
10g-1559-23@,Z013E0231,Ki3,16,3,S,3.24.2011
10g-1559-24@,Z013E0231,Ki3,,,,3.24.2011
10g-1560-21@,Z013E0232,Ki3,18,5,S,3.24.2011
10g-1560-22@,Z013E0232,Ki3,,,,3.24.2011
10g-1560-23@,Z013E0232,Ki3,,,,3.24.2011
10g-1560-24@,Z013E0232,Ki3,,,,3.24.2011
10g-1561-21@,Z013E0233,Ki3,12,4,S,3.24.2011
10g-1561-22@,Z013E0233,Ki3,12,3,S,3.24.2011
10g-1561-23@,Z013E0233,Ki3,12,3,S,3.24.2011
10g-1561-24@,Z013E0233,Ki3,12,4,S,3.24.2011
10g-1561-25@,Z013E0233,Ki3,14,3,S,3.24.2011
10g-1562-21@,Z013E0234,Ki3,16,5,S,3.24.2011
10g-1562-22@,Z013E0234,Ki3,12,4,S,3.24.2011
10g-1562-23@,Z013E0234,Ki3,14,4,S,3.24.2011
10g-1563-21@,Z013E0235,Ki3,14,5,S,3.24.2011
10g-1563-22@,Z013E0235,Ki3,16,4,S,3.24.2011
10g-1564-21@,Z013E0236,Ki3,14,5,S,3.24.2011
10g-1564-22@,Z013E0236,Ki3,12,5,S,3.24.2011
10g-1564-23@,Z013E0236,Ki3,14,5,S,3.24.2011
10g-1564-24@,Z013E0236,Ki3,14,2,S,3.24.2011
10g-1565-21@,Z013E0238,Ki3,16,5,S,3.24.2011
10g-1565-22@,Z013E0238,Ki3,14,5,S,3.24.2011
10g-1565-23@,Z013E0238,Ki3,16,5,S,3.24.2011
10g-1565-24@,Z013E0238,Ki3,16,5,S,3.24.2011
10g-1565-25@,Z013E0238,Ki3,,,,3.24.2011
10g-1566-21@,Z013E0239,Ki3,12,5,S,3.24.2011
10g-1566-22@,Z013E0239,Ki3,14,4,S,3.24.2011
10g-1567-21@,Z013E0240,Ki3,14,5,S,3.24.2011
10g-1567-22@,Z013E0240,Ki3,16,5,S,3.24.2011
10g-1567-23@,Z013E0240,Ki3,16,4,S,3.24.2011
10g-1567-24@,Z013E0240,Ki3,14,3,S,3.24.2011
10g-1567-25@,Z013E0240,Ki3,,,,3.24.2011
10g-1568-21@,Z013E0241,Ki3,16,5,S,3.24.2011
10g-1568-22@,Z013E0241,Ki3,16,3,T,3.24.2011
10g-1568-23@,Z013E0241,Ki3,16,3,T,3.24.2011
10g-1568-24@,Z013E0241,Ki3,,,,3.24.2011
10g-1569-21@,Z013E0249,Ki3,16,5,S,3.24.2011
10g-1569-22@,Z013E0249,Ki3,16,4,S,3.24.2011
10g-1569-23@,Z013E0249,Ki3,16,2,T,3.24.2011
10g-1570-21@,Z013E0250,Ki3,14,5,S,3.24.2011
10g-1570-22@,Z013E0250,Ki3,14,4,S,3.24.2011
10g-1570-23@,Z013E0250,Ki3,16,4,S,3.24.2011
10g-1570-24@,Z013E0250,Ki3,,,,3.24.2011
10g-1571-21@,Z013E0251,Ki3,19,4,T,3.24.2011
10g-1571-22@,Z013E0251,Ki3,16,4,S,3.24.2011
10g-1571-23@,Z013E0251,Ki3,16,5,S,3.24.2011
10g-1571-24@,Z013E0251,Ki3,16,3,T,3.24.2011
10g-1571-25@,Z013E0251,Ki3,,,,3.24.2011
10g-1572-21@,Z013E0253,Ki3,16,4,S,3.24.2011
10g-1572-22@,Z013E0253,Ki3,14,4,T,3.24.2011
10g-1572-23@,Z013E0253,Ki3,14,5,S,3.24.2011
10g-1572-24@,Z013E0253,Ki3,14,5,S,3.24.2011
10g-1572-25@,Z013E0253,Ki3,14,4,S,3.24.2011
10g-1573-21@,Z013E0256,Ki3,12,5,S,3.24.2011
10g-1573-22@,Z013E0256,Ki3,14,4,S,3.24.2011
10g-1573-23@,Z013E0256,Ki3,,,,3.24.2011
10g-1574-21@,Z013E0285,Ki3,16,4,S,3.24.2011
10g-1574-22@,Z013E0285,Ki3,14,3,S,3.24.2011
10g-1575-21@,Z013E0286,Ki3,16,3,T,3.24.2011
10g-1575-22@,Z013E0286,Ki3,12,2,S,3.24.2011
10g-1575-23@,Z013E0286,Ki3,16,4,S,3.24.2011
10g-1575-24@,Z013E0286,Ki3,14,4,S,3.24.2011
10g-1576-21@,Z013E0287,Ki3,14,5,S,3.24.2011
10g-1576-22@,Z013E0287,Ki3,16,5,S,3.24.2011
10g-1576-23@,Z013E0287,Ki3,17,3,S,3.24.2011
10g-1576-24@,Z013E0287,Ki3,20,4,T,3.24.2011
10g-1577-21@,Z013E0288,Ki3,18,4,S,3.24.2011
10g-1577-22@,Z013E0288,Ki3,14,4,S,3.24.2011
10g-1577-23@,Z013E0288,Ki3,14,3,S,3.24.2011
10g-1577-24@,Z013E0288,Ki3,16,2,T,3.24.2011
10g-1577-25@,Z013E0288,Ki3,18,4,T,3.24.2011
10g-1578-21@,Z013E0289,Ki3,16,4,S,3.24.2011
10g-1578-22@,Z013E0289,Ki3,14,5,S,3.24.2011
10g-1578-23@,Z013E0289,Ki3,12,3,S,3.24.2011
10g-1578-24@,Z013E0289,Ki3,16,1,S,3.24.2011
10g-1579-21@,Z013E0290,Ki3,14,4,T,3.24.2011
10g-1579-22@,Z013E0290,Ki3,14,3,S,3.24.2011
10g-1579-23@,Z013E0290,Ki3,12,2,S,3.24.2011
10g-1580-21@,Z013E0291,Ki3,16,5,S,3.24.2011
10g-1580-22@,Z013E0291,Ki3,18,4,S,3.24.2011
10g-1580-23@,Z013E0291,Ki3,16,5,S,3.24.2011
10g-1580-24@,Z013E0291,Ki3,16,5,S,3.24.2011
10g-1580-25@,Z013E0291,Ki3,,,,3.24.2011
10g-1581-21@,Z013E0292,Ki3,12,5,S,3.24.2011
10g-1581-22@,Z013E0292,Ki3,14,3,S,3.24.2011
10g-1581-23@,Z013E0292,Ki3,16,4,S,3.24.2011
10g-1581-24@,Z013E0292,Ki3,16,3,S,3.24.2011
10g-1582-21@,Z013E0293,Ki3,,,,3.24.2011
10g-1583-21@,Z013E0294,Ki3,16,5,S,3.24.2011
10g-1583-22@,Z013E0294,Ki3,16,4,S,3.24.2011
10g-1583-23@,Z013E0294,Ki3,16,5,S,3.24.2011
10g-1583-24@,Z013E0294,Ki3,14,4,T,3.24.2011
10g-1583-25@,Z013E0294,Ki3,,,,3.24.2011
10g-1584-21@,Z013E0295,Ki3,16,5,S,3.24.2011
10g-1584-22@,Z013E0295,Ki3,16,5,S,3.24.2011
10g-1584-23@,Z013E0295,Ki3,14,4,T,3.24.2011
10g-1584-24@,Z013E0295,Ki3,16,5,S,3.24.2011
10g-1584-25@,Z013E0295,Ki3,,,,3.24.2011
10g-1585-21@,Z013E0296,Ki3,18,4,S,3.24.2011
10g-1585-22@,Z013E0296,Ki3,18,4,S,3.24.2011
10g-1585-23@,Z013E0296,Ki3,21,3,T,3.24.2011
10g-1585-24@,Z013E0296,Ki3,,,,3.24.2011
10g-1586-21@,Z013E0297,Ki3,14,4,S,3.24.2011
10g-1586-22@,Z013E0297,Ki3,12,4,S,3.24.2011
10g-1586-23@,Z013E0297,Ki3,12,4,S,3.24.2011
10g-1587-21@,Z013E0298,Ki3,18,4,S,3.24.2011
10g-1587-22@,Z013E0298,Ki3,14,4,S,3.24.2011
10g-1587-23@,Z013E0298,Ki3,16,4,S,3.24.2011
10g-1588-21@,Z013E0299,Ki3,16,5,S,3.24.2011
10g-1588-22@,Z013E0299,Ki3,18,4,T,3.24.2011
10g-1588-23@,Z013E0299,Ki3,16,5,S,3.24.2011
10g-1588-24@,Z013E0299,Ki3,,,,3.24.2011
10g-1589-21@,Z013E0300,Ki3,14,4,T,3.24.2011
10g-1589-22@,Z013E0300,Ki3,14,4,T,3.24.2011
10g-1589-23@,Z013E0300,Ki3,16,3,T,3.24.2011
10g-1589-24@,Z013E0300,Ki3,,,,3.24.2011
10g-1590-21@,Z013E0301,Ki3,14,5,S,3.24.2011
10g-1590-22@,Z013E0301,Ki3,12,5,S,3.24.2011
10g-1590-23@,Z013E0301,Ki3,14,4,T,3.24.2011
10g-1590-24@,Z013E0301,Ki3,,,,3.24.2011
10g-1591-21@,Z013E0302,Ki3,16,4,T,3.24.2011
10g-1591-22@,Z013E0302,Ki3,16,5,S,3.24.2011
10g-1591-23@,Z013E0302,Ki3,16,5,S,3.24.2011
10g-1591-24@,Z013E0302,Ki3,,,,3.24.2011
10g-1592-21@,Z013E0303,Ki3,18,5,S,3.24.2011
10g-1592-22@,Z013E0303,Ki3,16,5,S,3.24.2011
10g-1592-23@,Z013E0303,Ki3,18,5,S,3.24.2011
10g-1592-24@,Z013E0303,Ki3,16,5,S,3.24.2011
10g-1592-25@,Z013E0303,Ki3,18,3,S,3.24.2011
10g-1593-21@,Z013E0304,Ki3,18,5,S,3.24.2011
10g-1593-22@,Z013E0304,Ki3,16,5,S,3.24.2011
10g-1593-23@,Z013E0304,Ki3,18,5,S,3.24.2011
10g-1593-24@,Z013E0304,Ki3,16,5,S,3.24.2011
10g-1594-21@,Z013E0305,Ki3,16,4,S,3.24.2011
10g-1594-22@,Z013E0305,Ki3,17,4,S,3.24.2011
10g-1594-23@,Z013E0305,Ki3,16,5,S,3.24.2011
10g-1595-21@,Z013E0306,Ki3,14,5,S,3.24.2011
10g-1595-22@,Z013E0306,Ki3,16,3,S,3.24.2011
10g-1595-23@,Z013E0306,Ki3,12,5,S,3.24.2011
10g-1595-24@,Z013E0306,Ki3,14,4,T,3.24.2011
10g-1596-21@,Z013E0307,Ki3,12,5,S,3.24.2011
10g-1596-22@,Z013E0307,Ki3,12,5,S,3.24.2011
10g-1596-23@,Z013E0307,Ki3,14,2,S,3.24.2011
10g-1597-21@,Z013E0308,Ki3,18,4,T,3.24.2011
10g-1597-22@,Z013E0308,Ki3,16,4,T,3.24.2011
10g-1597-23@,Z013E0308,Ki3,18,3,T,3.24.2011
10g-1597-24@,Z013E0308,Ki3,17,3,T,3.24.2011
10g-1597-25@,Z013E0308,Ki3,,,,3.24.2011
10g-1598-21@,Z013E0309,Ki3,14,5,S,3.24.2011
10g-1598-22@,Z013E0309,Ki3,12,5,S,3.24.2011
10g-1598-23@,Z013E0309,Ki3,14,4,S,3.24.2011
10g-1598-24@,Z013E0309,Ki3,12,5,S,3.24.2011
10g-1598-25@,Z013E0309,Ki3,,,,3.24.2011
10g-1599-21@,Z013E0310,Ki3,14,3,S,3.24.2011
10g-1599-22@,Z013E0310,Ki3,14,3,S,3.24.2011
10g-1599-23@,Z013E0310,Ki3,15,2,S,3.24.2011
10g-1600-21@,Z013E0311,Ki3,18,3,S,3.24.2011
10g-1600-22@,Z013E0311,Ki3,17,3,S,3.24.2011
10g-1600-23@,Z013E0311,Ki3,14,3,T,3.24.2011
10g-1601-21@,Z013E0312,Ki3,12,4,S,3.24.2011
10g-1601-22@,Z013E0312,Ki3,12,4,S,3.24.2011
10g-1602-21@,Z013E0313,Ki3,16,5,S,3.24.2011
10g-1603-21@,Z013E0314,Ki3,16,5,S,3.24.2011
10g-1603-22@,Z013E0314,Ki3,14,5,S,3.24.2011
10g-1603-23@,Z013E0314,Ki3,,,,3.24.2011
10g-1603-24@,Z013E0314,Ki3,,,,3.24.2011
10g-1603-25@,Z013E0314,Ki3,,,,3.24.2011
10g-1604-21@,Z013E0315,Ki3,16,4,S,3.24.2011
10g-1604-22@,Z013E0315,Ki3,18,3,S,3.24.2011
10g-1604-23@,Z013E0315,Ki3,18,3,S,3.24.2011
10g-1604-24@,Z013E0315,Ki3,18,3,S,3.24.2011
10g-1604-25@,Z013E0315,Ki3,18,2,S,3.24.2011
10g-1605-21@,Z013E0316,Ki3,16,5,S,3.24.2011
10g-1605-22@,Z013E0316,Ki3,,,,3.24.2011
10g-1606-21@,Z013E0317,Ki3,16,5,S,3.24.2011
10g-1606-22@,Z013E0317,Ki3,14,5,S,3.24.2011
10g-1606-23@,Z013E0317,Ki3,14,4,S,3.24.2011
10g-1606-24@,Z013E0317,Ki3,14,5,S,3.24.2011
10g-1606-25@,Z013E0317,Ki3,,,,3.24.2011
10g-1607-21@,Z013E0318,Ki3,20,5,S,3.24.2011
10g-1607-22@,Z013E0318,Ki3,20,5,S,3.24.2011
10g-1607-23@,Z013E0318,Ki3,,,,3.24.2011
10g-1607-24@,Z013E0318,Ki3,,,,3.24.2011
10g-1607-25@,Z013E0318,Ki3,,,,3.24.2011
10g-1608-21@,Z013E0319,Ki3,16,5,S,3.24.2011
10g-1608-22@,Z013E0319,Ki3,16,5,S,3.24.2011
10g-1608-23@,Z013E0319,Ki3,16,5,S,3.24.2011
10g-1609-21@,Z013E0320,Ki3,16,5,S,3.24.2011
10g-1609-22@,Z013E0320,Ki3,16,5,S,3.24.2011
10g-1609-23@,Z013E0320,Ki3,16,5,S,3.24.2011
10g-1609-24@,Z013E0320,Ki3,14,4,S,3.24.2011
10g-1610-21@,Z013E0321,Ki3,13,3,T,3.24.2011
10g-1610-22@,Z013E0321,Ki3,12,4,S,3.24.2011
10g-1610-23@,Z013E0321,Ki3,15,2,S,3.24.2011
10g-1611-21@,Z013E0322,Ki3,14,5,S,3.24.2011
10g-1611-22@,Z013E0322,Ki3,14,4,S,3.24.2011
10g-1611-23@,Z013E0322,Ki3,14,4,S,3.24.2011
10g-1612-21@,Z013E0323,Ki3,16,5,S,3.24.2011
10g-1612-22@,Z013E0323,Ki3,16,5,S,3.24.2011
10g-1612-23@,Z013E0323,Ki3,16,4,S,3.24.2011
10g-1612-24@,Z013E0323,Ki3,20,3,S,3.24.2011
10g-1612-25@,Z013E0323,Ki3,,,,3.24.2011
10g-1613-21@,Z013E0324,Ki3,16,5,S,3.24.2011
10g-1613-22@,Z013E0324,Ki3,16,4,T,3.24.2011
10g-1613-23@,Z013E0324,Ki3,14,4,S,3.24.2011
10g-1613-24@,Z013E0324,Ki3,16,3,S,3.24.2011
10g-1614-21@,Z024E0212,P39,,,,3.24.2011
10g-1614-22@,Z024E0212,P39,,,,3.24.2011
10g-1614-23@,Z024E0212,P39,,,,3.24.2011
10g-1615-21@,Z019E0075,MS71,16,2,S,3.24.2011
10g-1615-22@,Z019E0075,MS71,18,1,S,3.24.2011
10g-1615-23@,Z019E0075,MS71,,,,3.24.2011
10g-1616-21@,Z011E0175,Il14H,12,1,S,3.24.2011
10g-1616-22@,Z011E0175,Il14H,10,1,S,3.24.2011
10g-1616-23@,Z011E0175,Il14H,,,,3.24.2011
10g-1616-24@,Z011E0175,Il14H,,,,3.24.2011
10g-1617-21@,Z021E0008,NC358,14,3,T,3.24.2011
10g-1617-22@,Z021E0008,NC358,14,3,T,3.24.2011
10g-1617-23@,Z021E0008,NC358,16,3,S,3.24.2011
10g-1618-21@,Z021E0044,NC358,22,5,S,3.24.2011
10g-1618-22@,Z021E0044,NC358,20,4,S,3.24.2011
10g-1618-23@,Z021E0044,NC358,16,4,S,3.24.2011
10g-1618-24@,Z021E0044,NC358,,,,3.24.2011
10g-1619-21@,Z021E0093,NC358,22,4,T,3.24.2011
10g-1619-22@,Z021E0093,NC358,18,4,T,3.24.2011
10g-1619-23@,Z021E0093,NC358,,,,3.24.2011
10g-1620-21@,Z021E0080,NC358,14,5,S,3.24.2011
10g-1620-22@,Z021E0080,NC358,12,5,S,3.24.2011
10g-1621-21@,Z011E0162,Il14H,12,5,S,3.24.2011
10g-1621-22@,Z011E0162,Il14H,12,4,S,3.24.2011
10g-1621-23@,Z011E0162,Il14H,12,1,S,3.24.2011
10g-1621-24@,Z011E0162,Il14H,,,,3.24.2011
10g-1622-21@,Z021E0183,NC358,14,5,S,3.24.2011
10g-1622-22@,Z021E0183,NC358,16,3,S,3.24.2011
10g-1622-23@,Z021E0183,NC358,16,2,S,3.24.2011
10g-1623-21@,Z021E0066,NC358,16,5,S,3.24.2011
10g-1623-22@,Z021E0066,NC358,14,5,S,3.24.2011
10g-1623-23@,Z021E0066,NC358,12,5,S,3.24.2011
10g-1623-24@,Z021E0066,NC358,16,5,S,3.24.2011
10g-1623-25@,Z021E0066,NC358,,,,3.24.2011
10g-1624-21@,Z021E0049,NC358,16,5,S,3.24.2011
10g-1624-22@,Z021E0049,NC358,18,4,S,3.24.2011
10g-1624-23@,Z021E0049,NC358,18,5,S,3.24.2011
10g-1624-24@,Z021E0049,NC358,,,,3.24.2011
10g-1625-21@,Z021E0198,NC358,14,5,S,3.24.2011
10g-1626-21@,Z014E0162,Ky21,20,5,S,3.24.2011
10g-1626-22@,Z014E0162,Ky21,18,3,S,3.24.2011
10g-1626-23@,Z014E0162,Ky21,,,,3.24.2011
10g-1627-21@,Z006E0041,CML322,20,3,T,3.24.2011
10g-1627-22@,Z006E0041,CML322,20,4,S,3.24.2011
10g-1628-21@,Z021E0024,NC358,16,4,S,3.24.2011
10g-1628-22@,Z021E0024,NC358,16,5,S,3.24.2011
10g-1628-23@,Z021E0024,NC358,14,4,S,3.24.2011
10g-1628-24@,Z021E0024,NC358,14,3,S,3.24.2011
10g-1630-21@,Z012E0008,Ki11,18,5,S,3.24.2011
10g-1630-22@,Z012E0008,Ki11,18,1,S,3.24.2011
10g-1631-21@,Z021E0069,NC358,16,4,S,3.24.2011
10g-1631-22@,Z021E0069,NC358,14,2,T,3.24.2011
10g-1631-23@,Z021E0069,NC358,14,1,S,3.24.2011
10g-1632-21@,Z021E0112,NC358,14,4,S,3.24.2011
10g-1632-22@,Z021E0112,NC358,12,3,S,3.24.2011
10g-1633-21@,Z016E0034,M37W,18,4,S,3.24.2011
10g-1633-22@,Z016E0034,M37W,16,5,S,3.24.2011
10g-1633-23@,Z016E0034,M37W,18,3,S,3.24.2011
10g-1634-21@,Z014E0084,Ky21,12,5,S,3.24.2011
10g-1634-22@,Z014E0084,Ky21,14,5,S,3.24.2011
10g-1634-23@,Z014E0084,Ky21,15,3,S,3.24.2011
10g-1634-24@,Z014E0084,Ky21,16,4,S,3.24.2011
10g-1635-21@,Z021E0027,NC358,12,5,S,3.24.2011
10g-1635-22@,Z021E0027,NC358,12,4,S,3.24.2011
10g-1635-23@,Z021E0027,NC358,10,4,T,3.24.2011
10g-1636-21@,Z018E0131,Mo18W,18,2,S,3.24.2011
10g-1637-21@,Z004E0034,CML247,18,5,S,3.24.2011
10g-1637-22@,Z004E0034,CML247,18,3,T,3.24.2011
10g-1637-23@,Z004E0034,CML247,,,,3.24.2011
10g-1638-21@,Z021E0114,NC358,16,3,T,3.24.2011
10g-1638-22@,Z021E0114,NC358,16,3,T,3.24.2011
10g-1638-23@,Z021E0114,NC358,16,1,T,3.24.2011
10g-1638-24@,Z021E0114,NC358,,,,3.24.2011
10g-1639-21@,Z021E0052,NC358,16,5,S,3.24.2011
10g-1639-22@,Z021E0052,NC358,14,5,S,3.24.2011
10g-1639-23@,Z021E0052,NC358,18,3,S,3.24.2011
10g-1639-24@,Z021E0052,NC358,14,2,S,3.24.2011
10g-1640-21@,Z021E0029,NC358,16,5,S,3.24.2011
10g-1640-22@,Z021E0029,NC358,16,5,S,3.24.2011
10g-1640-23@,Z021E0029,NC358,14,4,S,3.24.2011
10g-1640-24@,Z021E0029,NC358,14,4,S,3.24.2011
10g-1640-25@,Z021E0029,NC358,14,3,S,3.24.2011
10g-1641-21@,Z021E0085,NC358,14,5,S,3.24.2011
10g-1641-22@,Z021E0085,NC358,14,5,S,3.24.2011
10g-1641-23@,Z021E0085,NC358,16,5,S,3.24.2011
10g-1641-24@,Z021E0085,NC358,14,5,S,3.24.2011
10g-1642-21@,Z006E0171,CML322,16,5,S,3.24.2011
10g-1642-22@,Z006E0171,CML322,14,4,S,3.24.2011
10g-1642-23@,Z006E0171,CML322,16,3,T,3.24.2011
10g-1642-24@,Z006E0171,CML322,,,,3.24.2011
10g-1642-25@,Z006E0171,CML322,,,,3.24.2011
10g-1643-21@,Z021E0035,NC358,16,5,S,3.24.2011
10g-1644-21@,Z001E0016,B97,,,,3.24.2011
10g-1644-22@,Z001E0016,B97,,,,3.24.2011
10g-1645-21@,Z021E0119,NC358,18,5,S,3.24.2011
10g-1645-22@,Z021E0119,NC358,18,4,S,3.24.2011
10g-1645-23@,Z021E0119,NC358,16,5,S,3.24.2011
10g-1646-21@,Z021E0151,NC358,16,5,S,3.24.2011
10g-1646-22@,Z021E0151,NC358,14,5,S,3.24.2011
10g-1646-23@,Z021E0151,NC358,14,5,S,3.24.2011
10g-1646-24@,Z021E0151,NC358,16,5,S,3.24.2011
10g-1646-25@,Z021E0151,NC358,14,5,S,3.24.2011
10g-1649-21@,Z002E0136,CML103,14,4,T,3.24.2011
10g-1649-22@,Z002E0136,CML103,14,4,S,3.24.2011
10g-1649-23@,Z002E0136,CML103,12,3,S,3.24.2011
10g-1650-21@,Z026E0081,Tzi8,24,4,T,3.24.2011
10g-1650-22@,Z026E0081,Tzi8,20,3,T,3.24.2011
10g-1650-23@,Z026E0081,Tzi8,20,3,T,3.24.2011
10g-1650-24@,Z026E0081,Tzi8,22,4,T,3.24.2011
10g-1650-25@,Z026E0081,Tzi8,18,3,T,3.24.2011
10g-1651-21@,Z021E0020,NC358,14,5,S,3.24.2011
10g-1651-22@,Z021E0020,NC358,14,4,S,3.24.2011
10g-1651-23@,Z021E0020,NC358,14,4,T,3.24.2011
10g-1652-21@,Z021E0184,NC358,16,5,S,3.24.2011
10g-1652-22@,Z021E0184,NC358,16,5,S,3.24.2011
10g-1653-21@,Z021E0083,NC358,18,4,T,3.24.2011
10g-1653-22@,Z021E0083,NC358,16,3,S,3.24.2011
10g-1654-21@,Z021E0170,NC358,22,4,T,3.24.2011
10g-1654-22@,Z021E0170,NC358,21,3,T,3.24.2011
10g-1655-21@,Z016E0081,M37W,16,4,S,3.24.2011
10g-1655-22@,Z016E0081,M37W,19,4,S,3.24.2011
10g-1655-23@,Z016E0081,M37W,18,5,S,3.24.2011
10g-1655-24@,Z016E0081,M37W,,,,3.24.2011
10g-1656-21@,Z021E0072,NC358,14,3,S,3.24.2011
10g-1656-22@,Z021E0072,NC358,16,3,S,3.24.2011
10g-1656-23@,Z021E0072,NC358,14,3,S,3.24.2011
10g-1656-24@,Z021E0072,NC358,,,,3.24.2011
10g-1657-21@,Z026E0183,Tzi8,12,5,S,3.24.2011
10g-1657-22@,Z026E0183,Tzi8,12,5,S,3.24.2011
10g-1657-23@,Z026E0183,Tzi8,14,4,S,3.24.2011
10g-1659-21@,Z021E0099,NC358,16,2,S,3.24.2011
10g-1659-22@,Z021E0099,NC358,14,2,S,3.24.2011
10g-1659-23@,Z021E0099,NC358,,,,3.24.2011
10g-1660-21@,Z012E0055,Ki11,20,5,S,3.24.2011
10g-1660-22@,Z012E0055,Ki11,17,3,T,3.24.2011
10g-1660-23@,Z012E0055,Ki11,19,4,S,3.24.2011
10g-1660-24@,Z012E0055,Ki11,,,,3.24.2011
10g-1661-21@,Z021E0015,NC358,12,3,S,3.24.2011
10g-1661-22@,Z021E0015,NC358,16,5,S,3.24.2011
10g-1661-23@,Z021E0015,NC358,,,,3.24.2011
10g-1662-21@,Z026E0131,Tzi8,14,3,T,3.24.2011
10g-1662-22@,Z026E0131,Tzi8,18,4,T,3.24.2011
10g-1662-23@,Z026E0131,Tzi8,16,4,T,3.24.2011
10g-1662-24@,Z026E0131,Tzi8,16,2,T,3.24.2011
10g-1664-21@,Z023E0056,Oh7B,16,5,S,3.24.2011
10g-1664-22@,Z023E0056,Oh7B,12,5,S,3.24.2011
10g-1664-23@,Z023E0056,Oh7B,16,5,S,3.24.2011
10g-1664-24@,Z023E0056,Oh7B,14,4,S,3.24.2011
10g-1665-21@,Z026E0189,Tzi8,18,3,S,3.24.2011
10g-1665-22@,Z026E0189,Tzi8,24,3,T,3.24.2011
10g-1665-23@,Z026E0189,Tzi8,17,3,T,3.24.2011
10g-1665-24@,Z026E0189,Tzi8,18,3,T,3.24.2011
10g-1665-25@,Z026E0189,Tzi8,18,4,T,3.24.2011
10g-1666-21@,Z025E0123,Tx303,16,5,S,3.24.2011
10g-1666-22@,Z025E0123,Tx303,16,3,S,3.24.2011
10g-1669-21@,Z021E0135,NC358,14,2,S,3.24.2011
10g-1669-22@,Z021E0135,NC358,14,2,S,3.24.2011
10g-1670-21@,Z021E0001,NC358,12,5,S,3.24.2011
10g-1670-22@,Z021E0001,NC358,12,3,S,3.24.2011
10g-1670-23@,Z021E0001,NC358,14,3,S,3.24.2011
10g-1670-24@,Z021E0001,NC358,12,3,S,3.24.2011
10g-1671-21@,Z009E0019,CML69,12,4,S,3.24.2011
10g-1671-22@,Z009E0019,CML69,14,5,S,3.24.2011
10g-1671-23@,Z009E0019,CML69,14,2,S,3.24.2011
10g-1671-24@,Z009E0019,CML69,12,2,S,3.24.2011
10g-1671-25@,Z009E0019,CML69,,,,3.24.2011
10g-1672-21@,Z021E0159,NC358,18,3,T,3.24.2011
10g-1672-22@,Z021E0159,NC358,16,3,T,3.24.2011
10g-1673-21@,Z014E0075,Ky21,12,5,S,3.24.2011
10g-1673-22@,Z014E0075,Ky21,12,5,S,3.24.2011
10g-1673-23@,Z014E0075,Ky21,10,5,S,3.24.2011
10g-1673-24@,Z014E0075,Ky21,,,,3.24.2011
10g-1674-21@,Z021E0034,NC358,12,5,S,3.24.2011
10g-1674-22@,Z021E0034,NC358,14,5,S,3.24.2011
10g-1674-23@,Z021E0034,NC358,12,5,S,3.24.2011
10g-1674-24@,Z021E0034,NC358,12,3,S,3.24.2011
10g-1674-25@,Z021E0034,NC358,,,,3.24.2011
10g-1675-21@,Z021E0162,NC358,16,5,S,3.24.2011
10g-1675-22@,Z021E0162,NC358,16,5,S,3.24.2011
10g-1675-23@,Z021E0162,NC358,14,3,S,3.24.2011
10g-1675-24@,Z021E0162,NC358,16,4,S,3.24.2011
10g-1676-21@,Z016E0019,M37W,14,5,S,3.24.2011
10g-1676-22@,Z016E0019,M37W,12,5,S,3.24.2011
10g-1676-23@,Z016E0019,M37W,14,4,S,3.24.2011
10g-1676-24@,Z016E0019,M37W,12,4,S,3.24.2011
10g-1676-25@,Z016E0019,M37W,,,,3.24.2011
10g-1677-21@,Z006E0094,CML322,16,4,S,3.24.2011
10g-1677-22@,Z006E0094,CML322,16,5,S,3.24.2011
10g-1677-23@,Z006E0094,CML322,14,5,S,3.24.2011
10g-1677-24@,Z006E0094,CML322,,,,3.24.2011
10g-1677-25@,Z006E0094,CML322,,,,3.24.2011
10g-1678-21@,Z021E0082,NC358,,,,3.24.2011
10g-1678-22@,Z021E0082,NC358,14,5,S,3.24.2011
10g-1678-23@,Z021E0082,NC358,12,5,S,3.24.2011
10g-1679-21@,Z016E0002,M37W,14,5,S,3.24.2011
10g-1679-22@,Z016E0002,M37W,14,5,S,3.24.2011
10g-1679-23@,Z016E0002,M37W,14,3,S,3.24.2011
10g-1679-24@,Z016E0002,M37W,12,3,S,3.24.2011
10g-1680-21@,Z021E0111,NC358,14,4,S,3.24.2011
10g-1680-22@,Z021E0111,NC358,14,4,S,3.24.2011
10g-1680-23@,Z021E0111,NC358,16,2,S,3.24.2011
10g-1680-24@,Z021E0111,NC358,,,,3.24.2011
10g-1681-21@,Z015E0071,M162W,12,4,S,3.24.2011
10g-1681-22@,Z015E0071,M162W,14,4,S,3.24.2011
10g-1681-23@,Z015E0071,M162W,14,4,S,3.24.2011
10g-1681-24@,Z015E0071,M162W,,,,3.24.2011
10g-1682-21@,Z021E0197,NC358,18,4,T,3.24.2011
10g-1682-22@,Z021E0197,NC358,19,3,S,3.24.2011
10g-1682-23@,Z021E0197,NC358,14,3,T,3.24.2011
10g-1682-24@,Z021E0197,NC358,18,3,T,3.24.2011
10g-1683-21@,Z020E0050,NC350,12,5,S,3.24.2011
10g-1683-22@,Z020E0050,NC350,14,5,S,3.24.2011
10g-1683-23@,Z020E0050,NC350,16,4,S,3.24.2011
10g-1683-24@,Z020E0050,NC350,16,5,S,3.24.2011
10g-1683-25@,Z020E0050,NC350,16,4,S,3.24.2011
10g-1684-21@,Z026E0156,Tzi8,14,4,S,3.24.2011
10g-1684-22@,Z026E0156,Tzi8,14,5,S,3.24.2011
10g-1684-23@,Z026E0156,Tzi8,16,5,S,3.24.2011
10g-1684-24@,Z026E0156,Tzi8,14,3,S,3.24.2011
10g-1685-21@,Z016E0161,M37W,18,5,S,3.24.2011
10g-1685-22@,Z016E0161,M37W,16,5,S,3.24.2011
10g-1685-23@,Z016E0161,M37W,16,5,S,3.24.2011
10g-1686-21@,Z006E0125,CML322,12,5,S,3.24.2011
10g-1686-22@,Z006E0125,CML322,12,5,S,3.24.2011
10g-1686-23@,Z006E0125,CML322,14,4,S,3.24.2011
10g-1686-24@,Z006E0125,CML322,12,4,S,3.24.2011
10g-1686-25@,Z006E0125,CML322,,,,3.24.2011
10g-1687-21@,Z009E0129,CML69,16,5,S,3.24.2011
10g-1687-22@,Z009E0129,CML69,16,5,S,3.24.2011
10g-1687-23@,Z009E0129,CML69,14,5,S,3.24.2011
10g-1687-24@,Z009E0129,CML69,14,5,S,3.24.2011
10g-1688-21@,Z009E0199,CML69,18,5,S,3.24.2011
10g-1688-22@,Z009E0199,CML69,18,4,S,3.24.2011
10g-1688-23@,Z009E0199,CML69,16,3,S,3.24.2011
10g-1688-24@,Z009E0199,CML69,,,,3.24.2011
10g-1689-21@,Z004E0040,CML247,16,4,S,3.24.2011
10g-1689-22@,Z004E0040,CML247,16,4,S,3.24.2011
10g-1689-23@,Z004E0040,CML247,16,4,S,3.24.2011
10g-1689-24@,Z004E0040,CML247,16,4,S,3.24.2011
10g-1689-25@,Z004E0040,CML247,,,,3.24.2011
10g-1689-26@,Z004E0040,CML247,,,,3.24.2011
10g-1691-21@,Z009E0124,CML69,18,5,S,3.24.2011
10g-1691-22@,Z009E0124,CML69,18,5,S,3.24.2011
10g-1691-23@,Z009E0124,CML69,18,5,S,3.24.2011
10g-1691-24@,Z009E0124,CML69,14,5,S,3.24.2011
10g-1691-25@,Z009E0124,CML69,14,5,S,3.24.2011
10g-1692-21@,Z020E0015,NC350,18,3,S,3.24.2011
10g-1692-22@,Z020E0015,NC350,20,3,S,3.24.2011
10g-1692-23@,Z020E0015,NC350,16,2,S,3.24.2011
10g-1692-24@,Z020E0015,NC350,18,2,S,3.24.2011
10g-1692-25@,Z020E0015,NC350,,,,3.24.2011
10g-1693-21@,Z026E0135,Tzi8,19,3,T,3.24.2011
10g-1693-22@,Z026E0135,Tzi8,,,,3.24.2011
10g-1694-21@,Z005E0044,CML277,14,4,S,3.24.2011
10g-1694-22@,Z005E0044,CML277,14,4,S,3.24.2011
10g-1694-23@,Z005E0044,CML277,12,2,S,3.24.2011
10g-1694-24@,Z005E0044,CML277,,,,3.24.2011
10g-1695-21@,Z021E0193,NC358,14,5,S,3.24.2011
10g-1695-22@,Z021E0193,NC358,14,5,S,3.24.2011
10g-1695-23@,Z021E0193,NC358,14,5,S,3.24.2011
10g-1695-24@,Z021E0193,NC358,16,3,S,3.24.2011
10g-1695-25@,Z021E0193,NC358,12,3,S,3.24.2011
10g-1696-21@,Z013E0021,Ki3,16,3,S,3.24.2011
10g-1697-21@,Z006E0124,CML322,20,5,S,3.24.2011
10g-1697-22@,Z006E0124,CML322,20,2,S,3.24.2011
10g-1697-23@,Z006E0124,CML322,,,,3.24.2011
10g-1697-24@,Z006E0124,CML322,,,,3.24.2011
10g-1698-21@,Z014E0012,Ky21,16,4,T,3.24.2011
10g-1698-22@,Z014E0012,Ky21,14,3,S,3.24.2011
10g-1698-23@,Z014E0012,Ky21,16,3,T,3.24.2011
10g-1698-24@,Z014E0012,Ky21,14,4,S,3.24.2011
10g-1699-21@,Z021E0152,NC358,18,5,S,3.24.2011
10g-1699-22@,Z021E0152,NC358,17,3,S,3.24.2011
10g-1699-23@,Z021E0152,NC358,16,5,S,3.24.2011
10g-1700-21@,Z006E0157,CML322,20,5,S,3.24.2011
10g-1700-22@,Z006E0157,CML322,20,4,S,3.24.2011
10g-1700-23@,Z006E0157,CML322,20,4,S,3.24.2011
10g-1701-21@,Z021E0161,NC358,20,4,S,3.24.2011
10g-1701-22@,Z021E0161,NC358,22,3,S,3.24.2011
10g-1701-23@,Z021E0161,NC358,18,3,S,3.24.2011
10g-1702-21@,Z016E0070,M37W,16,3,S,3.24.2011
10g-1702-22@,Z016E0070,M37W,14,1,S,3.24.2011
10g-1703-21@,Z021E0031,NC358,14,5,S,3.24.2011
10g-1703-22@,Z021E0031,NC358,12,5,S,3.24.2011
10g-1703-23@,Z021E0031,NC358,14,5,S,3.24.2011
10g-1703-24@,Z021E0031,NC358,14,2,S,3.24.2011
10g-1704-21@,Z014E0166,Ky21,18,5,S,3.24.2011
10g-1704-22@,Z014E0166,Ky21,16,5,S,3.24.2011
10g-1704-23@,Z014E0166,Ky21,16,5,S,3.24.2011
10g-1705-21@,Z026E0126,Tzi8,14,5,S,3.24.2011
10g-1705-22@,Z026E0126,Tzi8,14,5,S,3.24.2011
10g-1705-23@,Z026E0126,Tzi8,14,5,S,3.24.2011
10g-1705-24@,Z026E0126,Tzi8,16,3,S,3.24.2011
10g-1705-25@,Z026E0126,Tzi8,,,,3.24.2011
10g-1707-21@,Z014E0099,Ky21,18,5,S,3.24.2011
10g-1707-22@,Z014E0099,Ky21,20,4,T,3.24.2011
10g-1707-23@,Z014E0099,Ky21,18,5,S,3.24.2011
10g-1707-24@,Z014E0099,Ky21,18,5,S,3.24.2011
10g-1708-21@,Z007E0117,CML333,16,5,S,3.24.2011
10g-1708-22@,Z007E0117,CML333,14,5,S,3.24.2011
10g-1708-23@,Z007E0117,CML333,14,4,T,3.24.2011
10g-1708-24@,Z007E0117,CML333,12,2,S,3.24.2011
10g-1709-21@,Z006E0188,CML322,16,5,S,3.24.2011
10g-1709-22@,Z006E0188,CML322,18,5,S,3.24.2011
10g-1709-23@,Z006E0188,CML322,16,5,S,3.24.2011
10g-1710-21@,Z014E0098,Ky21,16,4,T,3.24.2011
10g-1710-22@,Z014E0098,Ky21,16,3,T,3.24.2011
10g-1710-23@,Z014E0098,Ky21,14,2,T,3.24.2011
10g-1711-21@,Z016E0153,M37W,12,4,S,3.24.2011
10g-1711-22@,Z016E0153,M37W,16,4,S,3.24.2011
10g-1711-23@,Z016E0153,M37W,16,3,S,3.24.2011
10g-1712-21@,Z007E0123,CML333,14,4,S,3.24.2011
10g-1712-22@,Z007E0123,CML333,12,4,S,3.24.2011
10g-1712-23@,Z007E0123,CML333,16,4,S,3.24.2011
10g-1712-24@,Z007E0123,CML333,12,3,S,3.24.2011
10g-1713-21@,Z021E0194,NC358,20,3,S,3.24.2011
10g-1713-22@,Z021E0194,NC358,16,2,S,3.24.2011
10g-1714-21@,Z009E0059,CML69,14,4,S,3.24.2011
10g-1714-22@,Z009E0059,CML69,14,4,S,3.24.2011
10g-1715-21@,Z003E0158,CML228,16,5,S,3.24.2011
10g-1715-22@,Z003E0158,CML228,18,1,S,3.24.2011
10g-1716-21@,Z002E0116,CML103,16,4,S,3.24.2011
10g-1716-22@,Z002E0116,CML103,14,3,S,3.24.2011
10g-1716-23@,Z002E0116,CML103,16,3,S,3.24.2011
10g-1717-21@,Z004E0162,CML247,16,5,S,3.24.2011
10g-1717-22@,Z004E0162,CML247,20,5,S,3.24.2011
10g-1717-23@,Z004E0162,CML247,18,5,S,3.24.2011
10g-1717-24@,Z004E0162,CML247,16,5,S,3.24.2011
10g-1717-25@,Z004E0162,CML247,20,3,S,3.24.2011
10g-1718-21@,Z005E0087,CML277,14,5,S,3.24.2011
10g-1718-22@,Z005E0087,CML277,,,,3.24.2011
10g-1719-21@,Z006E0179,CML322,18,3,S,3.24.2011
10g-1719-22@,Z006E0179,CML322,18,4,S,3.24.2011
10g-1719-23@,Z006E0179,CML322,,,,3.24.2011
10g-1720-21@,Z020E0074,NC350,20,5,S,3.24.2011
10g-1720-22@,Z020E0074,NC350,16,4,S,3.24.2011
10g-1720-23@,Z020E0074,NC350,18,4,S,3.24.2011
10g-1720-24@,Z020E0074,NC350,18,4,S,3.24.2011
10g-1720-25@,Z020E0074,NC350,18,4,S,3.24.2011
10g-1721-21@,Z012E0102,Ki11,16,5,S,3.24.2011
10g-1721-22@,Z012E0102,Ki11,14,5,S,3.24.2011
10g-1721-23@,Z012E0102,Ki11,14,5,S,3.24.2011
10g-1722-21@,Z014E0197,Ky21,14,5,S,3.24.2011
10g-1722-22@,Z014E0197,Ky21,15,3,T,3.24.2011
10g-1722-23@,Z014E0197,Ky21,16,5,S,3.24.2011
10g-1723-21@,Z005E0081,CML277,16,5,S,3.24.2011
10g-1723-22@,Z005E0081,CML277,14,3,T,3.24.2011
10g-1724-21@,Z004E0071,CML247,16,5,S,3.24.2011
10g-1724-22@,Z004E0071,CML247,16,5,S,3.24.2011
10g-1724-23@,Z004E0071,CML247,18,4,S,3.24.2011
10g-1725-21@,Z009E0187,CML69,16,5,S,3.24.2011
10g-1725-22@,Z009E0187,CML69,16,5,S,3.24.2011
10g-1725-23@,Z009E0187,CML69,16,5,S,3.24.2011
10g-1725-24@,Z009E0187,CML69,16,4,S,3.24.2011
10g-1726-21@,Z007E0015,CML333,18,5,S,3.24.2011
10g-1726-22@,Z007E0015,CML333,18,5,S,3.24.2011
10g-1726-23@,Z007E0015,CML333,14,5,S,3.24.2011
10g-1727-21@,Z016E0128,M37W,16,5,S,3.24.2011
10g-1727-22@,Z016E0128,M37W,16,5,S,3.24.2011
10g-1728-21@,Z006E0028,CML322,15,4,S,3.24.2011
10g-1730-21@,Z014E0003,Ky21,10,5,S,3.24.2011
10g-1730-22@,Z014E0003,Ky21,12,4,S,3.24.2011
10g-1730-23@,Z014E0003,Ky21,10,3,S,3.24.2011
10g-1730-24@,Z014E0003,Ky21,12,4,S,3.24.2011
10g-1731-21@,Z016E0194,M37W,12,5,S,3.24.2011
10g-1731-22@,Z016E0194,M37W,12,5,S,3.24.2011
10g-1731-23@,Z016E0194,M37W,14,5,S,3.24.2011
10g-1732-21@,Z009E0112,CML69,18,4,T,3.24.2011
10g-1734-21@,Z026E0134,Tzi8,18,5,S,3.24.2011
10g-1734-22@,Z026E0134,Tzi8,16,5,S,3.24.2011
10g-1734-23@,Z026E0134,Tzi8,16,4,T,3.24.2011
10g-1734-24@,Z026E0134,Tzi8,18,5,S,3.24.2011
10g-1735-21@,Z014E0146,Ky21,16,5,S,3.24.2011
10g-1735-22@,Z014E0146,Ky21,12,5,S,3.24.2011
10g-1735-23@,Z014E0146,Ky21,,,,3.24.2011
10g-1736-21@,Z026E0198,Tzi8,18,4,T,3.24.2011
10g-1736-22@,Z026E0198,Tzi8,16,4,T,3.24.2011
10g-1736-23@,Z026E0198,Tzi8,17,3,T,3.24.2011
10g-1736-24@,Z026E0198,Tzi8,,,,3.24.2011
10g-1737-21@,Z004E0155,CML247,18,5,S,3.24.2011
10g-1737-22@,Z004E0155,CML247,16,5,S,3.24.2011
10g-1737-23@,Z004E0155,CML247,16,5,S,3.24.2011
10g-1737-24@,Z004E0155,CML247,,,,3.24.2011
10g-1738-21@,Z015E0145,M162W,14,4,S,3.24.2011
10g-1738-22@,Z015E0145,M162W,,,,3.24.2011
10g-1738-23@,Z015E0145,M162W,,,,3.24.2011
10g-1739-21@,Z018E0171,Mo18W,16,5,S,3.24.2011
10g-1739-22@,Z018E0171,Mo18W,18,5,S,3.24.2011
10g-1739-23@,Z018E0171,Mo18W,16,5,S,3.24.2011
10g-1739-24@,Z018E0171,Mo18W,16,3,T,3.24.2011
10g-1739-25@,Z018E0171,Mo18W,,,,3.24.2011
10g-1740-21@,Z021E0174,NC358,18,5,S,3.24.2011
10g-1740-22@,Z021E0174,NC358,16,4,T,3.24.2011
10g-1740-23@,Z021E0174,NC358,16,4,S,3.24.2011
10g-1740-24@,Z021E0174,NC358,18,3,S,3.24.2011
10g-1741-21@,Z020E0155,NC350,16,3,T,3.24.2011
10g-1741-22@,Z020E0155,NC350,16,3,S,3.24.2011
10g-1741-23@,Z020E0155,NC350,16,2,S,3.24.2011
10g-1741-24@,Z020E0155,NC350,,,,3.24.2011
10g-1742-21@,Z025E0055,Tx303,14,5,S,3.31.2011
10g-1742-22@,Z025E0055,Tx303,14,5,S,3.31.2011
10g-1742-23@,Z025E0055,Tx303,16,4,S,3.31.2011
10g-1743-21@,Z025E0197,Tx303,15,3,T,3.31.2011
10g-1743-22@,Z025E0197,Tx303,14,2,T,3.31.2011
10g-1744-21@,Z026E0139,Tzi8,16,5,S,3.31.2011
10g-1744-22@,Z026E0139,Tzi8,16,5,S,3.31.2011
10g-1744-23@,Z026E0139,Tzi8,16,4,S,3.31.2011
10g-1744-24@,Z026E0139,Tzi8,16,4,S,3.31.2011
10g-1745-21@,Z026E0196,Tzi8,16,3,S,3.31.2011
10g-1745-22@,Z026E0196,Tzi8,16,1,S,3.31.2011
10g-1745-23@,Z026E0196,Tzi8,15,1,S,3.31.2011
10g-1746-21@,Z009E0183,CML69,16,5,S,3.31.2011
10g-1746-22@,Z009E0183,CML69,16,5,S,3.31.2011
10g-1746-23@,Z009E0183,CML69,16,5,S,3.31.2011
10g-1746-24@,Z009E0183,CML69,17,4,S,3.31.2011
10g-1746-25@,Z009E0183,CML69,18,3,S,3.31.2011
10g-1747-21@,Z009E0193,CML69,16,5,S,3.31.2011
10g-1747-22@,Z009E0193,CML69,16,4,T,3.31.2011
10g-1747-23@,Z009E0193,CML69,16,5,S,3.31.2011
10g-1747-24@,Z009E0193,CML69,17,3,S,3.31.2011
10g-1748-21@,Z026E0162,Tzi8,18,4,T,3.31.2011
10g-1748-22@,Z026E0162,Tzi8,17,4,S,3.31.2011
10g-1748-23@,Z026E0162,Tzi8,18,3,S,3.31.2011
10g-1749-21@,Z016E0121,M37W,18,5,S,3.31.2011
10g-1749-22@,Z016E0121,M37W,18,5,S,3.31.2011
10g-1749-23@,Z016E0121,M37W,16,4,S,3.31.2011
10g-1749-24@,Z016E0121,M37W,16,3,S,3.31.2011
10g-1750-21@,Z006E0196,CML322,16,4,S,3.31.2011
10g-1750-22@,Z006E0196,CML322,14,5,S,3.31.2011
10g-1750-23@,Z006E0196,CML322,16,3,S,3.31.2011
10g-1750-24@,Z006E0196,CML322,,,,3.31.2011
10g-1751-21@,Z015E0166,M162W,16,5,S,3.31.2011
10g-1751-22@,Z015E0166,M162W,14,4,T,3.31.2011
10g-1751-23@,Z015E0166,M162W,,,,3.31.2011
10g-1751-24@,Z015E0166,M162W,,,,3.31.2011
10g-1752-21@,Z025E0124,Tx303,16,5,S,3.31.2011
10g-1752-22@,Z025E0124,Tx303,18,3,S,3.31.2011
10g-1752-23@,Z025E0124,Tx303,16,4,S,3.31.2011
10g-1752-24@,Z025E0124,Tx303,18,2,S,3.31.2011
10g-1753-21@,Z006E0016,CML322,18,3,T,3.31.2011
10g-1753-22@,Z006E0016,CML322,16,4,S,3.31.2011
10g-1753-23@,Z006E0016,CML322,16,3,T,3.31.2011
10g-1753-24@,Z006E0016,CML322,,,,3.31.2011
10g-1753-25@,Z006E0016,CML322,,,,3.31.2011
10g-1754-21@,Z004E0081,CML247,18,3,S,3.31.2011
10g-1754-22@,Z004E0081,CML247,18,4,S,3.31.2011
10g-1754-23@,Z004E0081,CML247,18,3,T,3.31.2011
10g-1754-24@,Z004E0081,CML247,18,2,S,3.31.2011
10g-1755-21@,Z021E0040,NC358,16,5,S,3.31.2011
10g-1755-22@,Z021E0040,NC358,16,3,S,3.31.2011
10g-1755-23@,Z021E0040,NC358,16,2,S,3.31.2011
10g-1755-24@,Z021E0040,NC358,,,,3.31.2011
10g-1756-21@,Z009E0153,CML69,12,5,S,3.31.2011
10g-1756-22@,Z009E0153,CML69,14,3,S,3.31.2011
10g-1756-23@,Z009E0153,CML69,12,5,S,3.31.2011
10g-1756-24@,Z009E0153,CML69,,,,3.31.2011
10g-1756-25@,Z009E0153,CML69,,,,3.31.2011
10g-1757-21@,Z018E0023,Mo18W,14,5,T,3.31.2011
10g-1757-22@,Z018E0023,Mo18W,18,5,S,3.31.2011
10g-1757-23@,Z018E0023,Mo18W,12,5,S,3.31.2011
10g-1757-24@,Z018E0023,Mo18W,,,,3.31.2011
10g-1758-21@,Z005E0027,CML277,16,3,S,3.31.2011
10g-1758-22@,Z005E0027,CML277,18,4,S,3.31.2011
10g-1758-23@,Z005E0027,CML277,16,4,S,3.31.2011
10g-1758-24@,Z005E0027,CML277,16,3,S,3.31.2011
10g-1758-25@,Z005E0027,CML277,14,2,S,3.31.2011
10g-1759-21@,Z015E0164,M162W,14,2,S,3.31.2011
10g-1759-22@,Z015E0164,M162W,14,2,S,3.31.2011
10g-1759-23@,Z015E0164,M162W,,,,3.31.2011
10g-1760-21@,Z015E0041,M162W,10,3,T,3.31.2011
10g-1760-22@,Z015E0041,M162W,12,3,S,3.31.2011
10g-1760-23@,Z015E0041,M162W,14,2,S,3.31.2011
10g-1760-24@,Z015E0041,M162W,14,2,S,3.31.2011
10g-1760-25@,Z015E0041,M162W,,,,3.31.2011
10g-1761-21@,Z005E0019,CML277,12,5,S,3.31.2011
10g-1761-22@,Z005E0019,CML277,12,5,S,3.31.2011
10g-1761-23@,Z005E0019,CML277,12,4,S,3.31.2011
10g-1761-24@,Z005E0019,CML277,,,,3.31.2011
10g-1761-25@,Z005E0019,CML277,,,,3.31.2011
10g-1762-21@,Z014E0026,Ky21,10,5,S,3.31.2011
10g-1763-21@,Z004E0069,CML247,16,3,S,3.31.2011
10g-1763-22@,Z004E0069,CML247,16,3,S,3.31.2011
10g-1763-23@,Z004E0069,CML247,20,2,S,3.31.2011
10g-1763-24@,Z004E0069,CML247,20,3,S,3.31.2011
10g-1764-21@,Z013E0060,Ki3,16,5,S,3.31.2011
10g-1764-22@,Z013E0060,Ki3,16,5,S,3.31.2011
10g-1764-23@,Z013E0060,Ki3,14,3,T,3.31.2011
10g-1765-21@,Z003E0022,CML228,18,3,S,3.31.2011
10g-1765-22@,Z003E0022,CML228,18,3,S,3.31.2011
10g-1765-23@,Z003E0022,CML228,18,3,S,3.31.2011
10g-1765-24@,Z003E0022,CML228,,,,3.31.2011
10g-1766-21@,Z021E0147,NC358,16,5,S,3.31.2011
10g-1766-22@,Z021E0147,NC358,16,4,T,3.31.2011
10g-1766-23@,Z021E0147,NC358,14,3,S,3.31.2011
10g-1766-24@,Z021E0147,NC358,14,3,S,3.31.2011
10g-1767-21@,Z021E0014,NC358,14,5,S,3.31.2011
10g-1767-22@,Z021E0014,NC358,14,5,S,3.31.2011
10g-1767-23@,Z021E0014,NC358,16,5,S,3.31.2011
10g-1767-24@,Z021E0014,NC358,,,,3.31.2011
10g-1768-21@,Z004E0117,CML247,16,4,T,3.31.2011
10g-1768-22@,Z004E0117,CML247,14,4,T,3.31.2011
10g-1768-23@,Z004E0117,CML247,14,5,S,3.31.2011
10g-1768-24@,Z004E0117,CML247,16,5,S,3.31.2011
10g-1769-21@,Z020E0090,NC350,20,4,S,3.31.2011
10g-1769-22@,Z020E0090,NC350,20,5,S,3.31.2011
10g-1769-23@,Z020E0090,NC350,20,4,S,3.31.2011
10g-1769-24@,Z020E0090,NC350,24,2,S,3.31.2011
10g-1770-21@,Z014E0021,Ky21,16,5,S,3.31.2011
10g-1770-22@,Z014E0021,Ky21,14,4,S,3.31.2011
10g-1771-21@,Z016E0047,M37W,17,4,S,3.31.2011
10g-1771-22@,Z016E0047,M37W,22,2,S,3.31.2011
10g-1771-23@,Z016E0047,M37W,20,3,S,3.31.2011
10g-1771-24@,Z016E0047,M37W,,,,3.31.2011
10g-1772-21@,Z002E0159,CML103,16,5,S,3.31.2011
10g-1772-22@,Z002E0159,CML103,14,4,T,3.31.2011
10g-1773-21@,Z006E0154,CML322,14,5,S,3.31.2011
10g-1773-22@,Z006E0154,CML322,16,5,S,3.31.2011
10g-1773-23@,Z006E0154,CML322,18,2,S,3.31.2011
10g-1773-24@,Z006E0154,CML322,,,,3.31.2011
10g-1774-21@,Z002E0126,CML103,14,3,S,3.31.2011
10g-1774-22@,Z002E0126,CML103,,,,3.31.2011
10g-1774-23@,Z002E0126,CML103,,,,3.31.2011
10g-1775-21@,Z023E0017,Oh7B,18,5,S,3.31.2011
10g-1775-22@,Z023E0017,Oh7B,22,5,S,3.31.2011
10g-1775-23@,Z023E0017,Oh7B,22,2,S,3.31.2011
10g-1775-24@,Z023E0017,Oh7B,,,,3.31.2011
10g-1776-21@,Z020E0120,NC350,22,4,T,3.31.2011
10g-1776-22@,Z020E0120,NC350,20,4,T,3.31.2011
10g-1776-23@,Z020E0120,NC350,21,4,T,3.31.2011
10g-1776-24@,Z020E0120,NC350,,,,3.31.2011
10g-1777-21@,Z021E0013,NC358,16,5,S,3.31.2011
10g-1777-22@,Z021E0013,NC358,16,4,S,3.31.2011
10g-1777-23@,Z021E0013,NC358,18,2,S,3.31.2011
10g-1777-24@,Z021E0013,NC358,,,,3.31.2011
10g-1778-21@,Z014E0017,Ky21,14,3,S,3.31.2011
10g-1778-22@,Z014E0017,Ky21,,,,3.31.2011
10g-1779-21@,Z014E0052,Ky21,14,2,S,3.31.2011
10g-1779-22@,Z014E0052,Ky21,14,4,S,3.31.2011
10g-1780-21@,Z015E0013,M162W,14,5,S,3.31.2011
10g-1780-22@,Z015E0013,M162W,14,5,S,3.31.2011
10g-1780-23@,Z015E0013,M162W,14,2,S,3.31.2011
10g-1781-21@,Z014E0168,Ky21,12,5,S,3.31.2011
10g-1781-22@,Z014E0168,Ky21,,,,3.31.2011
10g-1782-21@,Z015E0019,M162W,22,3,S,3.31.2011
10g-1782-22@,Z015E0019,M162W,,,,3.31.2011
10g-1783-21@,Z015E0074,M162W,14,5,S,3.31.2011
10g-1783-22@,Z015E0074,M162W,14,5,S,3.31.2011
10g-1783-23@,Z015E0074,M162W,16,4,S,3.31.2011
10g-1783-24@,Z015E0074,M162W,,,,3.31.2011
10g-1784-21@,Z025E0113,Tx303,16,5,S,3.31.2011
10g-1784-22@,Z025E0113,Tx303,16,4,S,3.31.2011
10g-1784-23@,Z025E0113,Tx303,16,3,S,3.31.2011
10g-1785-21@,Z005E0096,CML277,12,4,T,3.31.2011
10g-1785-22@,Z005E0096,CML277,12,5,S,3.31.2011
10g-1785-23@,Z005E0096,CML277,12,5,S,3.31.2011
10g-1785-24@,Z005E0096,CML277,12,5,S,3.31.2011
10g-1786-21@,Z004E0115,CML247,20,5,S,3.31.2011
10g-1786-22@,Z004E0115,CML247,20,4,S,3.31.2011
10g-1786-23@,Z004E0115,CML247,16,4,S,3.31.2011
10g-1786-24@,Z004E0115,CML247,18,2,S,3.31.2011
10g-1786-25@,Z004E0115,CML247,,,,3.31.2011
10g-1787-21@,Z026E0041,Tzi8,16,3,T,3.31.2011
10g-1787-22@,Z026E0041,Tzi8,16,3,T,3.31.2011
10g-1787-23@,Z026E0041,Tzi8,12,4,T,3.31.2011
10g-1787-24@,Z026E0041,Tzi8,12,4,T,3.31.2011
10g-1788-21@,Z005E0117,CML277,16,5,S,3.31.2011
10g-1788-22@,Z005E0117,CML277,12,5,S,3.31.2011
10g-1789-21@,Z009E0133,CML69,14,5,S,3.31.2011
10g-1789-22@,Z009E0133,CML69,18,5,S,3.31.2011
10g-1789-23@,Z009E0133,CML69,16,3,S,3.31.2011
10g-1789-24@,Z009E0133,CML69,14,5,S,3.31.2011
10g-1790-21@,Z026E0073,Tzi8,18,4,T,3.31.2011
10g-1790-22@,Z026E0073,Tzi8,16,4,T,3.31.2011
10g-1790-23@,Z026E0073,Tzi8,,,,3.31.2011
10g-1791-21@,Z004E0052,CML247,16,4,S,3.31.2011
10g-1791-22@,Z004E0052,CML247,14,3,S,3.31.2011
10g-1791-23@,Z004E0052,CML247,16,4,S,3.31.2011
10g-1791-24@,Z004E0052,CML247,16,3,S,3.31.2011
10g-1792-21@,Z026E0050,Tzi8,14,5,S,3.31.2011
10g-1792-22@,Z026E0050,Tzi8,14,5,S,3.31.2011
10g-1792-23@,Z026E0050,Tzi8,14,3,S,3.31.2011
10g-1792-24@,Z026E0050,Tzi8,,,,3.31.2011
10g-1792-25@,Z026E0050,Tzi8,,,,3.31.2011
10g-1793-21@,Z014E0005,Ky21,12,5,S,3.31.2011
10g-1793-22@,Z014E0005,Ky21,12,5,S,3.31.2011
10g-1793-23@,Z014E0005,Ky21,12,5,S,3.31.2011
10g-1793-24@,Z014E0005,Ky21,10,4,S,3.31.2011
10g-1794-21@,Z002E0023,CML103,14,5,S,3.31.2011
10g-1794-22@,Z002E0023,CML103,16,5,S,3.31.2011
10g-1794-23@,Z002E0023,CML103,14,5,S,3.31.2011
10g-1794-24@,Z002E0023,CML103,16,5,S,3.31.2011
10g-1795-21@,Z026E0197,Tzi8,16,2,S,3.31.2011
10g-1795-22@,Z026E0197,Tzi8,14,1,S,3.31.2011
10g-1795-23@,Z026E0197,Tzi8,,,,3.31.2011
10g-1795-24@,Z026E0197,Tzi8,,,,3.31.2011
10g-1796-21@,Z005E0097,CML277,16,5,S,3.31.2011
10g-1796-22@,Z005E0097,CML277,16,3,S,3.31.2011
10g-1796-23@,Z005E0097,CML277,14,5,S,3.31.2011
10g-1796-24@,Z005E0097,CML277,,,,3.31.2011
10g-1798-21@,Z009E0136,CML69,14,5,S,3.31.2011
10g-1798-22@,Z009E0136,CML69,16,5,S,3.31.2011
10g-1798-23@,Z009E0136,CML69,,,,3.31.2011
10g-1799-21@,Z002E0163,CML103,14,5,S,3.31.2011
10g-1799-22@,Z002E0163,CML103,,,,3.31.2011
10g-1800-21@,Z008E0127,CML52,15,3,S,3.31.2011
10g-1800-22@,Z008E0127,CML52,15,3,S,3.31.2011
10g-1800-23@,Z008E0127,CML52,14,5,S,3.31.2011
10g-1800-24@,Z008E0127,CML52,,,,3.31.2011
10g-1801-21@,Z015E0129,M162W,12,5,S,3.31.2011
10g-1801-22@,Z015E0129,M162W,14,3,S,3.31.2011
10g-1801-23@,Z015E0129,M162W,16,3,S,3.31.2011
10g-1802-21@,Z014E0144,Ky21,12,5,S,3.31.2011
10g-1802-22@,Z014E0144,Ky21,12,5,S,3.31.2011
10g-1803-21@,Z026E0123,Tzi8,12,4,T,3.31.2011
10g-1803-22@,Z026E0123,Tzi8,12,3,T,3.31.2011
10g-1803-23@,Z026E0123,Tzi8,12,2,S,3.31.2011
10g-1804-21@,Z002E0193,CML103,18,5,S,3.31.2011
10g-1804-22@,Z002E0193,CML103,18,4,S,3.31.2011
10g-1805-21@,Z006E0088,CML322,18,5,S,3.31.2011
10g-1805-22@,Z006E0088,CML322,21,4,S,3.31.2011
10g-1805-23@,Z006E0088,CML322,,,,3.31.2011
10g-1806-21@,Z026E0199,Tzi8,16,3,T,3.31.2011
10g-1806-22@,Z026E0199,Tzi8,16,3,T,3.31.2011
10g-1806-23@,Z026E0199,Tzi8,,,,3.31.2011
10g-1807-21@,Z020E0039,NC350,14,1,S,3.31.2011
10g-1809-21@,Z005E0066,CML277,16,4,S,3.31.2011
10g-1809-22@,Z005E0066,CML277,16,4,S,3.31.2011
10g-1809-23@,Z005E0066,CML277,,,,3.31.2011
10g-1810-21@,Z026E0088,Tzi8,20,5,S,3.31.2011
10g-1810-22@,Z026E0088,Tzi8,15,3,T,3.31.2011
10g-1810-23@,Z026E0088,Tzi8,18,4,T,3.31.2011
10g-1810-24@,Z026E0088,Tzi8,18,5,S,3.31.2011
10g-1811-21@,Z023E0085,Oh7B,20,5,S,3.31.2011
10g-1811-22@,Z023E0085,Oh7B,,,,3.31.2011
10g-1812-21@,Z009E0120,CML69,16,5,S,3.31.2011
10g-1812-22@,Z009E0120,CML69,16,5,S,3.31.2011
10g-1812-23@,Z009E0120,CML69,,,,3.31.2011
10g-1813-21@,Z026E0176,Tzi8,16,5,S,3.31.2011
10g-1813-22@,Z026E0176,Tzi8,16,5,S,3.31.2011
10g-1813-23@,Z026E0176,Tzi8,18,4,S,3.31.2011
10g-1813-24@,Z026E0176,Tzi8,,,,3.31.2011
10g-1813-25@,Z026E0176,Tzi8,,,,3.31.2011
10g-1814-21@,Z015E0155,M162W,16,4,S,3.31.2011
10g-1814-22@,Z015E0155,M162W,16,5,S,3.31.2011
10g-1814-23@,Z015E0155,M162W,12,4,S,3.31.2011
10g-1814-24@,Z015E0155,M162W,12,5,S,3.31.2011
10g-1814-25@,Z015E0155,M162W,,,,3.31.2011
10g-1815-21@,Z009E0015,CML69,12,5,S,3.31.2011
10g-1815-22@,Z009E0015,CML69,14,4,T,3.31.2011
10g-1815-23@,Z009E0015,CML69,14,4,T,3.31.2011
10g-1815-24@,Z009E0015,CML69,14,5,S,3.31.2011
10g-1816-21@,Z026E0080,Tzi8,16,3,T,3.31.2011
10g-1816-22@,Z026E0080,Tzi8,14,4,T,3.31.2011
10g-1816-23@,Z026E0080,Tzi8,16,3,T,3.31.2011
10g-1816-24@,Z026E0080,Tzi8,16,4,T,3.31.2011
10g-1817-21@,Z004E0136,CML247,16,5,S,3.31.2011
10g-1817-22@,Z004E0136,CML247,20,5,S,3.31.2011
10g-1817-23@,Z004E0136,CML247,18,3,S,3.31.2011
10g-1818-21@,Z005E0004,CML277,14,4,S,3.31.2011
10g-1818-22@,Z005E0004,CML277,16,3,S,3.31.2011
10g-1818-23@,Z005E0004,CML277,14,2,S,3.31.2011
10g-1819-21@,Z008E0047,CML52,14,5,S,3.31.2011
10g-1819-22@,Z008E0047,CML52,18,5,S,3.31.2011
10g-1820-21@,Z004E0039,CML247,14,5,S,3.31.2011
10g-1820-22@,Z004E0039,CML247,14,5,S,3.31.2011
10g-1820-23@,Z004E0039,CML247,12,4,S,3.31.2011
10g-1820-24@,Z004E0039,CML247,,,,3.31.2011
10g-1821-21@,Z009E0125,CML69,14,5,S,3.31.2011
10g-1821-22@,Z009E0125,CML69,12,5,S,3.31.2011
10g-1821-23@,Z009E0125,CML69,14,4,S,3.31.2011
10g-1821-24@,Z009E0125,CML69,14,3,S,3.31.2011
10g-1822-21@,Z009E0114,CML69,14,5,S,3.31.2011
10g-1822-22@,Z009E0114,CML69,14,5,S,3.31.2011
10g-1822-23@,Z009E0114,CML69,14,4,T,3.31.2011
10g-1822-24@,Z009E0114,CML69,13,4,T,3.31.2011
10g-1822-25@,Z009E0114,CML69,,,,3.31.2011
10g-1823-21@,Z026E0150,Tzi8,14,4,T,3.31.2011
10g-1823-22@,Z026E0150,Tzi8,14,2,S,3.31.2011
10g-1823-23@,Z026E0150,Tzi8,,,,3.31.2011
10g-1824-21@,Z026E0111,Tzi8,14,4,S,3.31.2011
10g-1824-22@,Z026E0111,Tzi8,14,5,S,3.31.2011
10g-1825-21@,Z020E0159,NC350,18,5,S,3.31.2011
10g-1825-22@,Z020E0159,NC350,18,4,S,3.31.2011
10g-1825-23@,Z020E0159,NC350,16,3,S,3.31.2011
10g-1825-24@,Z020E0159,NC350,16,3,S,3.31.2011
10g-1826-21@,Z020E0152,NC350,14,4,T,3.31.2011
10g-1826-22@,Z020E0152,NC350,12,4,S,3.31.2011
10g-1826-23@,Z020E0152,NC350,,,,3.31.2011
10g-1827-21@,Z026E0181,Tzi8,16,5,S,3.31.2011
10g-1827-22@,Z026E0181,Tzi8,14,4,T,3.31.2011
10g-1827-23@,Z026E0181,Tzi8,16,1,S,3.31.2011
10g-1827-24@,Z026E0181,Tzi8,,,,3.31.2011
10g-1828-21@,Z018E0130,Mo18W,22,4,T,3.31.2011
10g-1828-22@,Z018E0130,Mo18W,18,5,S,3.31.2011
10g-1829-21@,Z016E0021,M37W,14,5,S,3.31.2011
10g-1829-22@,Z016E0021,M37W,18,4,S,3.31.2011
10g-1829-23@,Z016E0021,M37W,,,,3.31.2011
10g-1829-24@,Z016E0021,M37W,,,,3.31.2011
10g-1830-21@,Z018E0031,Mo18W,16,5,S,3.31.2011
10g-1830-22@,Z018E0031,Mo18W,16,4,S,3.31.2011
10g-1831-21@,Z021E0022,NC358,12,4,S,3.31.2011
10g-1831-22@,Z021E0022,NC358,14,2,S,3.31.2011
10g-1831-23@,Z021E0022,NC358,14,1,S,3.31.2011
10g-1831-24@,Z021E0022,NC358,,,,3.31.2011
10g-1832-21@,Z026E0121,Tzi8,16,4,T,3.31.2011
10g-1832-22@,Z026E0121,Tzi8,16,3,T,3.31.2011
10g-1832-23@,Z026E0121,Tzi8,16,3,T,3.31.2011
10g-1832-24@,Z026E0121,Tzi8,16,3,T,3.31.2011
10g-1832-25@,Z026E0121,Tzi8,,,,3.31.2011
10g-1833-21@,Z009E0137,CML69,18,5,S,3.31.2011
10g-1833-22@,Z009E0137,CML69,16,5,S,3.31.2011
10g-1833-23@,Z009E0137,CML69,20,4,T,3.31.2011
10g-1833-24@,Z009E0137,CML69,18,3,S,3.31.2011
10g-1834-21@,Z015E0066,M162W,16,5,S,3.31.2011
10g-1834-22@,Z015E0066,M162W,16,2,S,3.31.2011
10g-1834-23@,Z015E0066,M162W,16,2,S,3.31.2011
10g-1834-24@,Z015E0066,M162W,,,,3.31.2011
10g-1835-21@,Z015E0199,M162W,16,5,S,3.31.2011
10g-1835-22@,Z015E0199,M162W,16,5,S,3.31.2011
10g-1835-23@,Z015E0199,M162W,,,,3.31.2011
10g-1836-21@,Z009E0140,CML69,16,5,S,3.31.2011
10g-1836-22@,Z009E0140,CML69,,,,3.31.2011
10g-1836-23@,Z009E0140,CML69,,,,3.31.2011
10g-1837-21@,Z009E0116,CML69,12,5,S,3.31.2011
10g-1838-21@,Z002E0156,CML103,16,5,S,3.31.2011
10g-1838-22@,Z002E0156,CML103,16,3,S,3.31.2011
10g-1838-23@,Z002E0156,CML103,,,,3.31.2011
10g-1839-21@,Z009E0039,CML69,22,5,S,3.31.2011
10g-1839-22@,Z009E0039,CML69,21,4,S,3.31.2011
10g-1840-21@,Z004E0029,CML247,18,4,S,3.31.2011
10g-1840-22@,Z004E0029,CML247,16,4,S,3.31.2011
10g-1840-23@,Z004E0029,CML247,16,3,S,3.31.2011
10g-1840-24@,Z004E0029,CML247,16,3,S,3.31.2011
10g-1840-25@,Z004E0029,CML247,17,3,S,3.31.2011
10g-1841-21@,Z004E0082,CML247,16,4,S,3.31.2011
10g-1841-22@,Z004E0082,CML247,14,4,T,3.31.2011
10g-1841-23@,Z004E0082,CML247,,,,3.31.2011
10g-1841-24@,Z004E0082,CML247,,,,3.31.2011
10g-1842-21@,Z002E0152,CML103,17,4,S,3.31.2011
10g-1842-22@,Z002E0152,CML103,16,3,S,3.31.2011
10g-1842-23@,Z002E0152,CML103,17,3,S,3.31.2011
10g-1842-24@,Z002E0152,CML103,18,4,S,3.31.2011
10g-1843-21@,Z020E0049,NC350,14,4,T,3.31.2011
10g-1843-22@,Z020E0049,NC350,14,3,T,3.31.2011
10g-1843-23@,Z020E0049,NC350,14,3,S,3.31.2011
10g-1844-21@,Z018E0030,Mo18W,20,4,S,3.31.2011
10g-1844-22@,Z018E0030,Mo18W,16,3,S,3.31.2011
10g-1844-23@,Z018E0030,Mo18W,17,2,S,3.31.2011
10g-1845-21@,Z004E0175,CML247,16,5,S,3.31.2011
10g-1845-22@,Z004E0175,CML247,14,5,S,3.31.2011
10g-1845-23@,Z004E0175,CML247,14,3,S,3.31.2011
10g-1845-24@,Z004E0175,CML247,,,,3.31.2011
10g-1845-25@,Z004E0175,CML247,,,,3.31.2011
10g-1846-21@,Z026E0194,Tzi8,18,3,S,3.31.2011
10g-1846-22@,Z026E0194,Tzi8,,,,3.31.2011
10g-1847-21@,Z005E0185,CML277,14,3,T,3.31.2011
10g-1847-22@,Z005E0185,CML277,14,5,S,3.31.2011
10g-1847-23@,Z005E0185,CML277,14,5,S,3.31.2011
10g-1847-24@,Z005E0185,CML277,,,,3.31.2011
10g-1848-21@,Z015E0111,M162W,14,5,S,3.31.2011
10g-1848-22@,Z015E0111,M162W,15,3,S,3.31.2011
10g-1848-23@,Z015E0111,M162W,16,4,S,3.31.2011
10g-1848-24@,Z015E0111,M162W,,,,3.31.2011
10g-1849-21@,Z016E0038,M37W,16,5,S,3.31.2011
10g-1849-22@,Z016E0038,M37W,16,2,S,3.31.2011
10g-1850-21@,Z005E0075,CML277,12,5,S,3.31.2011
10g-1850-22@,Z005E0075,CML277,14,4,S,3.31.2011
10g-1850-23@,Z005E0075,CML277,12,2,S,3.31.2011
10g-1851-21@,Z002E0001,CML103,14,5,S,3.31.2011
10g-1851-22@,Z002E0001,CML103,14,5,S,3.31.2011
10g-1851-23@,Z002E0001,CML103,12,1,S,3.31.2011
10g-1852-21@,Z005E0099,CML277,16,4,S,3.31.2011
10g-1852-22@,Z005E0099,CML277,12,4,S,3.31.2011
10g-1852-23@,Z005E0099,CML277,16,5,S,3.31.2011
10g-1853-21@,Z009E0134,CML69,14,5,S,3.31.2011
10g-1853-22@,Z009E0134,CML69,12,5,S,3.31.2011
10g-1853-23@,Z009E0134,CML69,14,5,S,3.31.2011
10g-1853-24@,Z009E0134,CML69,14,5,S,3.31.2011
10g-1853-25@,Z009E0134,CML69,16,5,S,3.31.2011
10g-1854-21@,Z009E0069,CML69,12,5,S,3.31.2011
10g-1854-22@,Z009E0069,CML69,15,3,S,3.31.2011
10g-1854-23@,Z009E0069,CML69,14,5,S,3.31.2011
10g-1854-24@,Z009E0069,CML69,12,3,S,3.31.2011
10g-1855-21@,Z020E0040,NC350,18,3,S,3.31.2011
10g-1855-22@,Z020E0040,NC350,,,,3.31.2011
10g-1856-21@,Z025E0140,Tx303,16,5,S,3.31.2011
10g-1856-22@,Z025E0140,Tx303,18,5,S,3.31.2011
10g-1856-23@,Z025E0140,Tx303,16,5,S,3.31.2011
10g-1856-24@,Z025E0140,Tx303,16,5,S,3.31.2011
10g-1857-21@,Z008E0141,CML52,14,5,S,3.31.2011
10g-1857-22@,Z008E0141,CML52,16,5,S,3.31.2011
10g-1857-23@,Z008E0141,CML52,12,3,T,3.31.2011
10g-1857-24@,Z008E0141,CML52,15,4,S,3.31.2011
10g-1858-21@,Z016E0117,M37W,14,5,S,3.31.2011
10g-1858-22@,Z016E0117,M37W,14,3,S,3.31.2011
10g-1860-21@,Z016E0103,M37W,18,5,S,3.31.2011
10g-1860-22@,Z016E0103,M37W,18,5,S,3.31.2011
10g-1860-23@,Z016E0103,M37W,16,5,S,3.31.2011
10g-1861-21@,Z009E0082,CML69,12,4,S,3.31.2011
10g-1862-21@,Z008E0063,CML52,12,5,S,3.31.2011
10g-1862-22@,Z008E0063,CML52,14,5,S,3.31.2011
10g-1863-21@,Z005E0085,CML277,12,5,S,3.31.2011
10g-1863-22@,Z005E0085,CML277,12,5,S,3.31.2011
10g-1863-23@,Z005E0085,CML277,12,5,S,3.31.2011
10g-1863-24@,Z005E0085,CML277,12,5,S,3.31.2011
10g-1864-21@,Z009E0142,CML69,14,5,S,3.31.2011
10g-1865-21@,Z026E0089,Tzi8,14,4,T,3.31.2011
10g-1865-22@,Z026E0089,Tzi8,16,4,S,3.31.2011
10g-1866-21@,Z018E0029,Mo18W,14,5,S,3.31.2011
10g-1866-22@,Z018E0029,Mo18W,12,5,S,3.31.2011
10g-1866-23@,Z018E0029,Mo18W,14,3,S,3.31.2011
10g-1866-24@,Z018E0029,Mo18W,18,4,S,3.31.2011
10g-1867-21@,Z009E0005,CML69,12,5,S,3.31.2011
10g-1867-22@,Z009E0005,CML69,14,5,S,3.31.2011
10g-1867-23@,Z009E0005,CML69,14,5,S,3.31.2011
10g-1868-21@,Z005E0084,CML277,12,5,S,3.31.2011
10g-1868-22@,Z005E0084,CML277,12,5,S,3.31.2011
10g-1868-23@,Z005E0084,CML277,14,4,S,3.31.2011
10g-1868-24@,Z005E0084,CML277,12,4,S,3.31.2011
10g-1868-25@,Z005E0084,CML277,,,,3.31.2011
10g-1869-21@,Z009E0018,CML69,18,5,S,3.31.2011
10g-1869-22@,Z009E0018,CML69,14,5,S,3.31.2011
10g-1869-23@,Z009E0018,CML69,14,4,S,3.31.2011
10g-1869-24@,Z009E0018,CML69,16,5,S,3.31.2011
10g-1870-21@,Z002E0175,CML103,12,5,S,3.31.2011
10g-1870-22@,Z002E0175,CML103,12,4,S,3.31.2011
10g-1870-23@,Z002E0175,CML103,14,4,S,3.31.2011
10g-1870-24@,Z002E0175,CML103,,,,3.31.2011
10g-1871-21@,Z003E0098,CML228,14,3,T,3.31.2011
10g-1871-22@,Z003E0098,CML228,18,3,S,3.31.2011
10g-1871-23@,Z003E0098,CML228,14,2,S,3.31.2011
10g-1871-24@,Z003E0098,CML228,14,2,S,3.31.2011
10g-1872-21@,Z025E0195,Tx303,12,3,S,3.31.2011
10g-1872-22@,Z025E0195,Tx303,12,3,S,3.31.2011
10g-1873-21@,Z003E0071,CML228,18,5,S,3.31.2011
10g-1873-22@,Z003E0071,CML228,20,3,T,3.31.2011
10g-1873-23@,Z003E0071,CML228,20,3,T,3.31.2011
10g-1873-24@,Z003E0071,CML228,23,2,T,3.31.2011
10g-1874-21@,Z009E0100,CML69,14,5,S,3.31.2011
10g-1874-22@,Z009E0100,CML69,12,5,S,3.31.2011
10g-1874-23@,Z009E0100,CML69,12,5,S,3.31.2011
10g-1874-24@,Z009E0100,CML69,14,4,S,3.31.2011
10g-1875-21@,Z026E0055,Tzi8,14,3,T,3.31.2011
10g-1875-22@,Z026E0055,Tzi8,12,4,S,3.31.2011
10g-1875-23@,Z026E0055,Tzi8,12,5,S,3.31.2011
10g-1875-24@,Z026E0055,Tzi8,,,,3.31.2011
10g-1876-21@,Z025E0194,Tx303,12,4,S,3.31.2011
10g-1876-22@,Z025E0194,Tx303,16,5,S,3.31.2011
10g-1876-23@,Z025E0194,Tx303,14,4,S,3.31.2011
10g-1877-21@,Z025E0088,Tx303,16,4,S,3.31.2011
10g-1877-22@,Z025E0088,Tx303,18,3,S,3.31.2011
10g-1877-23@,Z025E0088,Tx303,15,2,S,3.31.2011
10g-1878-21@,Z008E0094,CML52,12,5,S,3.31.2011
10g-1878-22@,Z008E0094,CML52,14,5,S,3.31.2011
10g-1879-21@,Z026E0177,Tzi8,14,4,T,3.31.2011
10g-1879-22@,Z026E0177,Tzi8,14,4,T,3.31.2011
10g-1879-23@,Z026E0177,Tzi8,14,4,T,3.31.2011
10g-1879-24@,Z026E0177,Tzi8,14,3,T,3.31.2011
10g-1880-21@,Z023E0044,Oh7B,14,5,S,3.31.2011
10g-1880-22@,Z023E0044,Oh7B,16,5,S,3.31.2011
10g-1880-23@,Z023E0044,Oh7B,18,5,S,3.31.2011
10g-1880-24@,Z023E0044,Oh7B,16,5,S,3.31.2011
10g-1880-25@,Z023E0044,Oh7B,14,3,S,3.31.2011
10g-1881-21@,Z008E0115,CML52,16,5,S,3.31.2011
10g-1881-22@,Z008E0115,CML52,16,5,S,3.31.2011
10g-1881-23@,Z008E0115,CML52,18,4,S,3.31.2011
10g-1881-24@,Z008E0115,CML52,18,3,S,3.31.2011
10g-1882-21@,Z004E0190,CML247,20,5,S,3.31.2011
10g-1882-22@,Z004E0190,CML247,20,5,S,3.31.2011
10g-1882-23@,Z004E0190,CML247,18,5,S,3.31.2011
10g-1882-24@,Z004E0190,CML247,18,5,S,3.31.2011
10g-1882-25@,Z004E0190,CML247,20,5,S,3.31.2011
10g-1883-21@,Z004E0043,CML247,16,4,S,3.31.2011
10g-1883-22@,Z004E0043,CML247,14,5,S,3.31.2011
10g-1883-23@,Z004E0043,CML247,16,4,S,3.31.2011
10g-1883-24@,Z004E0043,CML247,,,,3.31.2011
10g-1884-21@,Z005E0069,CML277,12,4,S,3.31.2011
10g-1884-22@,Z005E0069,CML277,14,5,S,3.31.2011
10g-1884-23@,Z005E0069,CML277,12,5,S,3.31.2011
10g-1884-24@,Z005E0069,CML277,14,4,S,3.31.2011
10g-1884-25@,Z005E0069,CML277,,,,3.31.2011
10g-1885-21@,Z009E0001,CML69,16,5,S,3.31.2011
10g-1885-22@,Z009E0001,CML69,16,5,S,3.31.2011
10g-1885-23@,Z009E0001,CML69,14,4,S,3.31.2011
10g-1885-24@,Z009E0001,CML69,16,3,S,3.31.2011
10g-1886-21@,Z004E0057,CML247,14,5,S,3.31.2011
10g-1886-22@,Z004E0057,CML247,12,5,S,3.31.2011
10g-1886-23@,Z004E0057,CML247,14,3,S,3.31.2011
10g-1886-24@,Z004E0057,CML247,12,2,S,3.31.2011
10g-1886-25@,Z004E0057,CML247,,,,3.31.2011
10g-1887-21@,Z025E0106,Tx303,16,5,S,3.31.2011
10g-1887-22@,Z025E0106,Tx303,14,4,T,3.31.2011
10g-1887-23@,Z025E0106,Tx303,16,4,T,3.31.2011
10g-1887-24@,Z025E0106,Tx303,,,,3.31.2011
10g-1888-21@,Z026E0048,Tzi8,14,5,S,3.31.2011
10g-1888-22@,Z026E0048,Tzi8,14,5,S,3.31.2011
10g-1888-23@,Z026E0048,Tzi8,16,5,S,3.31.2011
10g-1888-24@,Z026E0048,Tzi8,14,4,S,3.31.2011
10g-1889-21@,Z004E0035,CML247,14,5,S,3.31.2011
10g-1889-22@,Z004E0035,CML247,14,2,S,3.31.2011
10g-1889-23@,Z004E0035,CML247,16,2,S,3.31.2011
10g-1890-21@,Z020E0142,NC350,14,5,S,3.31.2011
10g-1890-22@,Z020E0142,NC350,14,4,S,3.31.2011
10g-1891-21@,Z015E0144,M162W,12,3,S,3.31.2011
10g-1891-22@,Z015E0144,M162W,14,1,S,3.31.2011
10g-1891-23@,Z015E0144,M162W,,,,3.31.2011
10g-1891-24@,Z015E0144,M162W,,,,3.31.2011
10g-1892-21@,Z015E0174,M162W,14,5,S,3.31.2011
10g-1892-22@,Z015E0174,M162W,14,5,S,3.31.2011
10g-1892-23@,Z015E0174,M162W,12,4,T,3.31.2011
10g-1892-24@,Z015E0174,M162W,14,3,T,3.31.2011
10g-1892-25@,Z015E0174,M162W,,,,3.31.2011
10g-1893-21@,Z003E0088,CML228,12,5,S,3.31.2011
10g-1893-22@,Z003E0088,CML228,12,4,S,3.31.2011
10g-1893-23@,Z003E0088,CML228,12,2,S,3.31.2011
10g-1894-21@,Z015E0130,M162W,12,5,S,3.31.2011
10g-1894-22@,Z015E0130,M162W,13,3,S,3.31.2011
10g-1894-23@,Z015E0130,M162W,14,2,S,3.31.2011
10g-1894-24@,Z015E0130,M162W,,,,3.31.2011
10g-1895-21@,Z009E0196,CML69,16,5,S,3.31.2011
10g-1895-22@,Z009E0196,CML69,15,3,S,3.31.2011
10g-1895-23@,Z009E0196,CML69,16,3,S,3.31.2011
10g-1895-24@,Z009E0196,CML69,12,3,S,3.31.2011
10g-1896-21@,Z004E0085,CML247,14,4,T,3.31.2011
10g-1896-22@,Z004E0085,CML247,14,5,S,3.31.2011
10g-1896-23@,Z004E0085,CML247,14,1,T,3.31.2011
10g-1897-21@,Z009E0191,CML69,12,5,S,3.31.2011
10g-1897-22@,Z009E0191,CML69,14,5,S,3.31.2011
10g-1897-23@,Z009E0191,CML69,14,5,S,3.31.2011
10g-1897-24@,Z009E0191,CML69,10,4,S,3.31.2011
10g-1898-21@,Z008E0088,CML52,16,5,S,3.31.2011
10g-1898-22@,Z008E0088,CML52,18,4,T,3.31.2011
10g-1898-23@,Z008E0088,CML52,18,4,T,3.31.2011
10g-1899-21@,Z008E0064,CML52,18,5,S,3.31.2011
10g-1899-22@,Z008E0064,CML52,18,4,T,3.31.2011
10g-1899-23@,Z008E0064,CML52,16,2,S,3.31.2011
10g-1899-24@,Z008E0064,CML52,16,1,S,3.31.2011
10g-1899-25@,Z008E0064,CML52,,,,3.31.2011
10g-1900-21@,Z015E0096,M162W,14,5,S,3.31.2011
10g-1900-22@,Z015E0096,M162W,16,5,S,3.31.2011
10g-1900-23@,Z015E0096,M162W,,,,3.31.2011
10g-1901-21@,Z006E0160,CML322,16,3,S,3.31.2011
10g-1902-21@,Z004E0145,CML247,16,5,S,3.31.2011
10g-1902-22@,Z004E0145,CML247,14,4,T,3.31.2011
10g-1902-23@,Z004E0145,CML247,16,5,S,3.31.2011
10g-1902-24@,Z004E0145,CML247,,,,3.31.2011
10g-1903-21@,Z006E0027,CML322,18,5,S,3.31.2011
10g-1903-22@,Z006E0027,CML322,16,5,S,3.31.2011
10g-1903-23@,Z006E0027,CML322,16,4,T,3.31.2011
10g-1903-24@,Z006E0027,CML322,18,5,S,3.31.2011
10g-1903-25@,Z006E0027,CML322,,,,3.31.2011
10g-1904-21@,Z015E0068,M162W,16,4,S,3.31.2011
10g-1904-22@,Z015E0068,M162W,14,5,S,3.31.2011
10g-1904-23@,Z015E0068,M162W,14,3,S,3.31.2011
10g-1905-21@,Z008E0013,CML52,14,5,S,3.31.2011
10g-1905-22@,Z008E0013,CML52,14,5,S,3.31.2011
10g-1905-23@,Z008E0013,CML52,14,5,S,3.31.2011
10g-1905-24@,Z008E0013,CML52,16,4,S,3.31.2011
10g-1905-25@,Z008E0013,CML52,,,,3.31.2011
10g-1906-21@,Z004E0050,CML247,16,4,T,3.31.2011
10g-1906-22@,Z004E0050,CML247,16,4,T,3.31.2011
10g-1906-23@,Z004E0050,CML247,16,4,T,3.31.2011
10g-1906-24@,Z004E0050,CML247,16,3,S,3.31.2011
10g-1907-21@,Z004E0156,CML247,14,5,S,3.31.2011
10g-1907-22@,Z004E0156,CML247,14,5,S,3.31.2011
10g-1907-23@,Z004E0156,CML247,14,3,T,3.31.2011
10g-1908-21@,Z009E0163,CML69,16,5,S,3.31.2011
10g-1908-22@,Z009E0163,CML69,16,5,S,3.31.2011
10g-1908-23@,Z009E0163,CML69,,,,3.31.2011
10g-1909-21@,Z026E0136,Tzi8,16,4,S,3.31.2011
10g-1909-22@,Z026E0136,Tzi8,18,5,S,3.31.2011
10g-1909-23@,Z026E0136,Tzi8,16,1,T,3.31.2011
10g-1910-21@,Z009E0065,CML69,12,5,S,3.31.2011
10g-1910-22@,Z009E0065,CML69,14,5,S,3.31.2011
10g-1910-23@,Z009E0065,CML69,14,5,S,3.31.2011
10g-1911-21@,Z008E0143,CML52,14,5,S,3.31.2011
10g-1911-22@,Z008E0143,CML52,,,,3.31.2011
10g-1912-21@,Z026E0178,Tzi8,14,4,S,3.31.2011
10g-1912-22@,Z026E0178,Tzi8,12,5,S,3.31.2011
10g-1912-23@,Z026E0178,Tzi8,14,4,T,3.31.2011
10g-1912-24@,Z026E0178,Tzi8,14,4,T,3.31.2011
10g-1914-21@,Z004E0047,CML247,20,5,S,3.31.2011
10g-1914-22@,Z004E0047,CML247,17,1,S,3.31.2011
10g-1914-23@,Z004E0047,CML247,,,,3.31.2011
10g-1915-21@,Z006E0012,CML322,18,4,T,3.31.2011
10g-1915-22@,Z006E0012,CML322,18,4,S,3.31.2011
10g-1917-21@,Z009E0188,CML69,16,5,S,3.31.2011
10g-1918-21@,Z020E0024,NC350,18,3,S,3.31.2011
10g-1918-22@,Z020E0024,NC350,,,,3.31.2011
10g-1919-21@,Z018E0032,Mo18W,14,4,S,3.31.2011
10g-1919-22@,Z018E0032,Mo18W,16,3,S,3.31.2011
10g-1920-21@,Z026E0137,Tzi8,12,5,S,3.31.2011
10g-1920-22@,Z026E0137,Tzi8,12,3,S,3.31.2011
10g-1920-23@,Z026E0137,Tzi8,14,2,S,3.31.2011
10g-1921-21@,Z008E0041,CML52,14,4,T,3.31.2011
10g-1921-22@,Z008E0041,CML52,,,,3.31.2011
10g-1921-23@,Z008E0041,CML52,,,,3.31.2011
10g-1922-21@,Z008E0123,CML52,16,5,S,3.31.2011
10g-1922-22@,Z008E0123,CML52,16,5,S,3.31.2011
10g-1922-23@,Z008E0123,CML52,16,5,S,3.31.2011
10g-1922-24@,Z008E0123,CML52,16,5,S,3.31.2011
10g-1923-21@,Z004E0012,CML247,16,4,T,3.31.2011
10g-1923-22@,Z004E0012,CML247,16,2,T,3.31.2011
10g-1924-21@,Z009E0122,CML69,16,4,T,3.31.2011
10g-1924-22@,Z009E0122,CML69,16,5,S,3.31.2011
10g-1924-23@,Z009E0122,CML69,12,5,S,3.31.2011
10g-1925-21@,Z005E0073,CML277,12,5,S,3.31.2011
10g-1925-22@,Z005E0073,CML277,12,5,S,3.31.2011
10g-1925-23@,Z005E0073,CML277,14,4,S,3.31.2011
10g-1925-24@,Z005E0073,CML277,14,2,S,3.31.2011
10g-1926-21@,Z005E0018,CML277,12,5,S,3.31.2011
10g-1927-21@,Z004E0144,CML247,16,5,S,3.31.2011
10g-1927-22@,Z004E0144,CML247,14,5,S,3.31.2011
10g-1927-23@,Z004E0144,CML247,14,5,S,3.31.2011
10g-1927-24@,Z004E0144,CML247,18,3,S,3.31.2011
10g-1927-25@,Z004E0144,CML247,16,5,S,3.31.2011
10g-1928-21@,Z003E0195,CML228,16,4,S,3.31.2011
10g-1928-22@,Z003E0195,CML228,12,4,S,3.31.2011
10g-1928-23@,Z003E0195,CML228,,,,3.31.2011
10g-1929-21@,Z015E0047,M162W,18,5,S,3.31.2011
10g-1929-22@,Z015E0047,M162W,14,4,S,3.31.2011
10g-1929-23@,Z015E0047,M162W,16,4,S,3.31.2011
10g-1929-24@,Z015E0047,M162W,,,,3.31.2011
10g-1930-21@,Z016E0198,M37W,20,4,T,3.31.2011
10g-1930-22@,Z016E0198,M37W,18,3,S,3.31.2011
10g-1930-23@,Z016E0198,M37W,18,3,S,3.31.2011
10g-1930-24@,Z016E0198,M37W,,,,3.31.2011
10g-1931-21@,Z009E0119,CML69,14,5,S,3.31.2011
10g-1931-22@,Z009E0119,CML69,10,5,S,3.31.2011
10g-1931-23@,Z009E0119,CML69,10,3,S,3.31.2011
10g-1932-21@,Z003E0075,CML228,14,2,S,3.31.2011
10g-1932-22@,Z003E0075,CML228,18,2,S,3.31.2011
10g-1932-23@,Z003E0075,CML228,,,,3.31.2011
10g-1932-24@,Z003E0075,CML228,,,,3.31.2011
10g-1933-21@,Z008E0155,CML52,12,5,S,3.31.2011
10g-1933-22@,Z008E0155,CML52,14,5,S,3.31.2011
10g-1933-23@,Z008E0155,CML52,12,5,S,3.31.2011
10g-1933-24@,Z008E0155,CML52,12,5,S,3.31.2011
10g-1933-25@,Z008E0155,CML52,12,5,S,3.31.2011
10g-1934-21@,Z005E0023,CML277,12,3,S,3.31.2011
10g-1935-21@,Z004E0134,CML247,18,4,S,3.31.2011
10g-1935-22@,Z004E0134,CML247,18,2,S,3.31.2011
10g-1935-23@,Z004E0134,CML247,14,2,S,3.31.2011
10g-1935-24@,Z004E0134,CML247,16,2,S,3.31.2011
10g-1935-25@,Z004E0134,CML247,,,,3.31.2011
10g-1937-21@,Z009E0180,CML69,14,4,S,3.31.2011
10g-1937-22@,Z009E0180,CML69,16,4,S,3.31.2011
10g-1937-23@,Z009E0180,CML69,16,2,S,3.31.2011
10g-1938-21@,Z018E0150,Mo18W,18,4,T,3.31.2011
10g-1938-22@,Z018E0150,Mo18W,17,3,T,3.31.2011
10g-1938-23@,Z018E0150,Mo18W,18,2,S,3.31.2011
10g-1939-21@,Z026E0182,Tzi8,14,5,S,3.31.2011
10g-1939-22@,Z026E0182,Tzi8,16,5,S,3.31.2011
10g-1939-23@,Z026E0182,Tzi8,16,5,S,3.31.2011
10g-1939-24@,Z026E0182,Tzi8,14,3,S,3.31.2011
10g-1940-21@,Z008E0124,CML52,16,5,S,3.31.2011
10g-1940-22@,Z008E0124,CML52,16,5,S,3.31.2011
10g-1940-23@,Z008E0124,CML52,16,2,S,3.31.2011
10g-1941-21@,Z009E0182,CML69,12,5,S,3.31.2011
10g-1941-22@,Z009E0182,CML69,10,5,S,3.31.2011
10g-1941-23@,Z009E0182,CML69,14,3,S,3.31.2011
10g-1942-21@,Z008E0142,CML52,14,5,S,3.31.2011
10g-1942-22@,Z008E0142,CML52,13,3,S,3.31.2011
10g-1942-23@,Z008E0142,CML52,14,3,S,3.31.2011
10g-1942-24@,Z008E0142,CML52,,,,3.31.2011
10g-1942-25@,Z008E0142,CML52,,,,3.31.2011
10g-1943-21@,Z008E0008,CML52,16,5,S,3.31.2011
10g-1943-22@,Z008E0008,CML52,15,3,S,3.31.2011
10g-1943-23@,Z008E0008,CML52,15,3,S,3.31.2011
10g-1944-21@,Z018E0069,Mo18W,16,5,S,3.31.2011
10g-1944-22@,Z018E0069,Mo18W,14,4,T,3.31.2011
10g-1944-23@,Z018E0069,Mo18W,16,5,S,3.31.2011
10g-1944-24@,Z018E0069,Mo18W,16,4,S,3.31.2011
10g-1945-21@,Z012E0117,Ki11,16,5,S,3.31.2011
10g-1945-22@,Z012E0117,Ki11,18,5,S,3.31.2011
10g-1945-23@,Z012E0117,Ki11,14,4,S,3.31.2011
10g-1945-24@,Z012E0117,Ki11,18,3,S,3.31.2011
10g-1946-21@,Z008E0166,CML52,14,5,S,3.31.2011
10g-1946-22@,Z008E0166,CML52,14,5,S,3.31.2011
10g-1946-23@,Z008E0166,CML52,16,3,T,3.31.2011
10g-1946-24@,Z008E0166,CML52,14,2,T,3.31.2011
10g-1946-25@,Z008E0166,CML52,,,,3.31.2011
10g-1947-21@,Z008E0025,CML52,18,5,S,3.31.2011
10g-1947-22@,Z008E0025,CML52,16,5,S,3.31.2011
10g-1947-23@,Z008E0025,CML52,16,3,T,3.31.2011
10g-1947-24@,Z008E0025,CML52,16,3,S,3.31.2011
10g-1947-25@,Z008E0025,CML52,,,,3.31.2011
10g-1948-21@,Z026E0009,Tzi8,16,4,S,3.31.2011
10g-1948-22@,Z026E0009,Tzi8,16,4,S,3.31.2011
10g-1949-21@,Z018E0039,Mo18W,16,5,S,3.31.2011
10g-1949-22@,Z018E0039,Mo18W,18,5,S,3.31.2011
10g-1949-23@,Z018E0039,Mo18W,16,5,S,3.31.2011
10g-1949-24@,Z018E0039,Mo18W,16,5,S,3.31.2011
10g-1950-21@,Z008E0164,CML52,14,5,S,3.31.2011
10g-1950-22@,Z008E0164,CML52,14,4,T,3.31.2011
10g-1950-23@,Z008E0164,CML52,14,4,S,3.31.2011
10g-1950-24@,Z008E0164,CML52,14,5,S,3.31.2011
10g-1950-25@,Z008E0164,CML52,,,,3.31.2011
10g-1951-21@,Z008E0070,CML52,14,5,S,3.31.2011
10g-1951-22@,Z008E0070,CML52,12,4,S,3.31.2011
10g-1951-23@,Z008E0070,CML52,12,5,S,3.31.2011
10g-1951-24@,Z008E0070,CML52,14,4,S,3.31.2011
10g-1951-25@,Z008E0070,CML52,12,4,S,3.31.2011
10g-1952-21@,Z009E0044,CML69,14,5,S,3.31.2011
10g-1952-22@,Z009E0044,CML69,14,3,T,3.31.2011
10g-1953-21@,Z008E0058,CML52,18,4,T,3.31.2011
10g-1953-22@,Z008E0058,CML52,18,4,T,3.31.2011
10g-1953-23@,Z008E0058,CML52,16,5,S,3.31.2011
10g-1953-24@,Z008E0058,CML52,16,3,S,3.31.2011
10g-1954-21@,Z018E0079,Mo18W,12,5,S,3.31.2011
10g-1954-22@,Z018E0079,Mo18W,14,4,S,3.31.2011
10g-1955-21@,Z015E0169,M162W,16,5,S,3.31.2011
10g-1955-22@,Z015E0169,M162W,15,2,S,3.31.2011
10g-1956-21@,Z004E0044,CML247,16,5,S,3.31.2011
10g-1956-22@,Z004E0044,CML247,16,5,S,3.31.2011
10g-1956-23@,Z004E0044,CML247,16,5,S,3.31.2011
10g-1956-24@,Z004E0044,CML247,14,4,S,3.31.2011
10g-1956-25@,Z004E0044,CML247,,,,3.31.2011
10g-1957-21@,Z018E0035,Mo18W,18,1,S,3.31.2011
10g-1957-22@,Z018E0035,Mo18W,,,,3.31.2011
10g-1957-23@,Z018E0035,Mo18W,,,,3.31.2011
10g-1958-21@,Z009E0186,CML69,14,5,S,3.31.2011
10g-1958-22@,Z009E0186,CML69,14,5,S,3.31.2011
10g-1958-23@,Z009E0186,CML69,12,3,T,3.31.2011
10g-1958-24@,Z009E0186,CML69,,,,3.31.2011
10g-1959-21@,Z005E0163,CML277,18,3,S,3.31.2011
10g-1959-22@,Z005E0163,CML277,14,2,S,3.31.2011
10g-1959-23@,Z005E0163,CML277,16,1,T,3.31.2011
10g-1960-21@,Z008E0156,CML52,14,5,S,3.31.2011
10g-1960-22@,Z008E0156,CML52,14,5,S,3.31.2011
10g-1961-21@,Z008E0103,CML52,18,4,S,3.31.2011
10g-1961-22@,Z008E0103,CML52,16,4,S,3.31.2011
10g-1961-23@,Z008E0103,CML52,,,,3.31.2011
10g-1962-21@,Z004E0169,CML247,12,3,S,3.31.2011
10g-1962-22@,Z004E0169,CML247,14,4,S,3.31.2011
10g-1962-23@,Z004E0169,CML247,14,2,T,3.31.2011
10g-1962-24@,Z004E0169,CML247,12,3,S,3.31.2011
10g-1963-21@,Z004E0121,CML247,14,4,S,3.31.2011
10g-1963-22@,Z004E0121,CML247,16,2,S,3.31.2011
10g-1963-23@,Z004E0121,CML247,14,1,S,3.31.2011
10g-1964-21@,Z008E0066,CML52,14,3,S,3.31.2011
10g-1964-22@,Z008E0066,CML52,12,5,S,3.31.2011
10g-1964-23@,Z008E0066,CML52,10,3,S,3.31.2011
10g-1964-24@,Z008E0066,CML52,10,2,S,3.31.2011
10g-1965-21@,Z004E0170,CML247,16,5,S,3.31.2011
10g-1965-22@,Z004E0170,CML247,16,4,S,3.31.2011
10g-1965-23@,Z004E0170,CML247,16,3,T,3.31.2011
10g-1965-24@,Z004E0170,CML247,18,4,S,3.31.2011
10g-1965-25@,Z004E0170,CML247,,,,3.31.2011
10g-1966-21@,Z016E0006,M37W,14,4,S,3.31.2011
10g-1966-22@,Z016E0006,M37W,14,5,S,3.31.2011
10g-1966-23@,Z016E0006,M37W,14,5,S,3.31.2011
10g-1966-24@,Z016E0006,M37W,12,4,S,3.31.2011
10g-1967-21@,Z018E0188,Mo18W,16,3,T,3.31.2011
10g-1967-22@,Z018E0188,Mo18W,16,4,T,3.31.2011
10g-1967-23@,Z018E0188,Mo18W,14,3,S,3.31.2011
10g-1967-24@,Z018E0188,Mo18W,14,2,S,3.31.2011
10g-1967-25@,Z018E0188,Mo18W,,,,3.31.2011
10g-1968-21@,Z008E0039,CML52,12,5,S,3.31.2011
10g-1968-22@,Z008E0039,CML52,12,4,S,3.31.2011
10g-1968-23@,Z008E0039,CML52,12,4,S,3.31.2011
10g-1968-24@,Z008E0039,CML52,12,3,S,3.31.2011
10g-1968-25@,Z008E0039,CML52,,,,3.31.2011
10g-1969-21@,Z008E0073,CML52,18,5,S,3.31.2011
10g-1969-22@,Z008E0073,CML52,14,5,S,3.31.2011
10g-1969-23@,Z008E0073,CML52,14,5,S,3.31.2011
10g-1969-24@,Z008E0073,CML52,14,5,S,3.31.2011
10g-1969-25@,Z008E0073,CML52,,,,3.31.2011
10g-1970-21@,Z005E0076,CML277,14,4,S,3.31.2011
10g-1970-22@,Z005E0076,CML277,16,3,T,3.31.2011
10g-1970-23@,Z005E0076,CML277,14,3,T,3.31.2011
10g-1971-21@,Z008E0052,CML52,16,4,S,3.31.2011
10g-1971-22@,Z008E0052,CML52,18,4,S,3.31.2011
10g-1971-23@,Z008E0052,CML52,18,5,S,3.31.2011
10g-1971-24@,Z008E0052,CML52,14,4,S,3.31.2011
10g-1971-25@,Z008E0052,CML52,14,3,S,3.31.2011
10g-1972-21@,Z002E0187,CML103,16,5,S,3.31.2011
10g-1973-21@,Z008E0130,CML52,12,5,S,3.31.2011
10g-1973-22@,Z008E0130,CML52,14,3,S,3.31.2011
10g-1973-23@,Z008E0130,CML52,12,2,S,3.31.2011
10g-1973-24@,Z008E0130,CML52,16,2,S,3.31.2011
10g-1974-21@,Z018E0022,Mo18W,14,5,S,3.31.2011
10g-1974-22@,Z018E0022,Mo18W,14,5,S,3.31.2011
10g-1974-23@,Z018E0022,Mo18W,14,5,S,3.31.2011
10g-1974-24@,Z018E0022,Mo18W,14,5,S,3.31.2011
10g-1974-25@,Z018E0022,Mo18W,12,5,S,3.31.2011
10g-1975-21@,Z018E0109,Mo18W,14,5,S,3.31.2011
10g-1975-22@,Z018E0109,Mo18W,18,3,S,3.31.2011
10g-1976-21@,Z008E0074,CML52,14,5,S,3.31.2011
10g-1976-22@,Z008E0074,CML52,14,4,S,3.31.2011
10g-1977-21@,Z026E0120,Tzi8,16,4,S,3.31.2011
10g-1977-22@,Z026E0120,Tzi8,18,5,S,3.31.2011
10g-1977-23@,Z026E0120,Tzi8,20,4,S,3.31.2011
10g-1978-21@,Z008E0049,CML52,16,5,S,3.31.2011
10g-1978-22@,Z008E0049,CML52,14,5,S,3.31.2011
10g-1978-23@,Z008E0049,CML52,14,4,S,3.31.2011
10g-1978-24@,Z008E0049,CML52,,,,3.31.2011
10g-1979-21@,Z004E0172,CML247,12,3,S,3.31.2011
10g-1979-22@,Z004E0172,CML247,12,2,S,3.31.2011
10g-1979-23@,Z004E0172,CML247,,,,3.31.2011
10g-1980-21@,Z004E0037,CML247,16,4,S,3.31.2011
10g-1981-21@,Z005E0017,CML277,16,5,S,3.31.2011
10g-1981-22@,Z005E0017,CML277,12,1,S,3.31.2011
10g-1981-23@,Z005E0017,CML277,,,,3.31.2011
10g-1981-24@,Z005E0017,CML277,,,,3.31.2011
10g-1982-21@,Z012E0127,Ki11,18,4,S,3.31.2011
10g-1982-22@,Z012E0127,Ki11,18,4,S,3.31.2011
10g-1982-23@,Z012E0127,Ki11,20,4,S,3.31.2011
10g-1982-24@,Z012E0127,Ki11,,,,3.31.2011
10g-1983-21@,Z008E0198,CML52,12,5,S,3.31.2011
10g-1983-22@,Z008E0198,CML52,14,5,S,3.31.2011
10g-1983-23@,Z008E0198,CML52,14,5,S,3.31.2011
10g-1984-21@,Z004E0158,CML247,12,5,S,3.31.2011
10g-1984-22@,Z004E0158,CML247,14,5,S,3.31.2011
10g-1984-23@,Z004E0158,CML247,14,5,S,3.31.2011
10g-1984-24@,Z004E0158,CML247,12,5,S,3.31.2011
10g-1984-25@,Z004E0158,CML247,12,5,S,3.31.2011
10g-1985-21@,Z012E0098,Ki11,14,5,S,3.31.2011
10g-1985-22@,Z012E0098,Ki11,14,5,S,3.31.2011
10g-1985-23@,Z012E0098,Ki11,16,4,S,3.31.2011
10g-1985-24@,Z012E0098,Ki11,,,,3.31.2011
10g-1986-21@,Z004E0152,CML247,18,5,S,3.31.2011
10g-1986-22@,Z004E0152,CML247,13,3,S,3.31.2011
10g-1987-21@,Z008E0014,CML52,12,5,S,3.31.2011
10g-1987-22@,Z008E0014,CML52,12,5,S,3.31.2011
10g-1987-23@,Z008E0014,CML52,10,4,T,3.31.2011
10g-1987-24@,Z008E0014,CML52,,,,3.31.2011
10g-1988-21@,Z012E0058,Ki11,16,5,S,3.31.2011
10g-1988-22@,Z012E0058,Ki11,14,3,T,3.31.2011
10g-1988-23@,Z012E0058,Ki11,,,,3.31.2011
10g-1989-21@,Z004E0168,CML247,16,5,S,3.31.2011
10g-1989-22@,Z004E0168,CML247,16,3,S,3.31.2011
10g-1989-23@,Z004E0168,CML247,16,4,S,3.31.2011
10g-1990-21@,Z018E0033,Mo18W,14,5,S,3.31.2011
10g-1990-22@,Z018E0033,Mo18W,14,4,S,3.31.2011
10g-1990-23@,Z018E0033,Mo18W,14,3,S,3.31.2011
10g-1992-21@,Z004E0104,CML247,16,5,S,3.31.2011
10g-1992-22@,Z004E0104,CML247,16,5,S,3.31.2011
10g-1992-23@,Z004E0104,CML247,14,1,S,3.31.2011
10g-1992-24@,Z004E0104,CML247,,,,3.31.2011
10g-1992-25@,Z004E0104,CML247,,,,3.31.2011
10g-1993-21@,Z008E0071,CML52,16,5,S,3.31.2011
10g-1993-22@,Z008E0071,CML52,14,4,S,3.31.2011
10g-1993-23@,Z008E0071,CML52,14,2,S,3.31.2011
10g-1994-21@,Z004E0143,CML247,12,5,S,3.31.2011
10g-1994-22@,Z004E0143,CML247,14,5,S,3.31.2011
10g-1994-23@,Z004E0143,CML247,16,5,S,3.31.2011
10g-1994-24@,Z004E0143,CML247,,,,3.31.2011
10g-1995-21@,Z005E0103,CML277,14,5,S,3.31.2011
10g-1995-22@,Z005E0103,CML277,14,5,S,3.31.2011
10g-1995-23@,Z005E0103,CML277,14,4,S,3.31.2011
10g-1996-21@,Z008E0095,CML52,12,5,S,3.31.2011
10g-1996-22@,Z008E0095,CML52,12,5,S,3.31.2011
10g-1996-23@,Z008E0095,CML52,12,4,S,3.31.2011
10g-1996-24@,Z008E0095,CML52,,,,3.31.2011
10g-1997-21@,Z008E0061,CML52,18,5,S,3.31.2011
10g-1997-22@,Z008E0061,CML52,16,5,S,3.31.2011
10g-1997-23@,Z008E0061,CML52,,2,,3.31.2011
10g-1998-21@,Z004E0153,CML247,20,5,S,3.31.2011
10g-1998-22@,Z004E0153,CML247,18,3,S,3.31.2011
10g-1999-21@,Z008E0182,CML52,12,5,S,3.31.2011
10g-1999-22@,Z008E0182,CML52,12,4,S,3.31.2011
10g-1999-23@,Z008E0182,CML52,10,5,S,3.31.2011
10g-1999-24@,Z008E0182,CML52,12,4,S,3.31.2011
10g-2000-21@,Z008E0171,CML52,16,5,S,3.31.2011
10g-2000-22@,Z008E0171,CML52,16,5,S,3.31.2011
10g-2000-23@,Z008E0171,CML52,16,5,S,3.31.2011
10g-2001-21@,Z004E0073,CML247,18,4,S,3.31.2011
10g-2001-22@,Z004E0073,CML247,16,4,S,3.31.2011
10g-2002-21@,Z005E0151,CML277,16,3,T,3.31.2011
10g-2002-22@,Z005E0151,CML277,16,3,T,3.31.2011
10g-2002-23@,Z005E0151,CML277,15,2,T,3.31.2011
10g-2003-21@,Z008E0122,CML52,16,3,S,3.31.2011
10g-2003-22@,Z008E0122,CML52,14,3,S,3.31.2011
10g-2003-23@,Z008E0122,CML52,16,2,S,3.31.2011
10g-2003-24@,Z008E0122,CML52,,,,3.31.2011
10g-2004-21@,Z004E0060,CML247,16,5,S,3.31.2011
10g-2005-21@,Z004E0150,CML247,14,5,S,3.31.2011
10g-2005-22@,Z004E0150,CML247,14,4,S,3.31.2011
10g-2005-23@,Z004E0150,CML247,16,4,S,3.31.2011
10g-2005-24@,Z004E0150,CML247,16,3,S,3.31.2011
10g-2006-21@,Z008E0175,CML52,14,5,S,3.31.2011
10g-2006-22@,Z008E0175,CML52,12,5,S,3.31.2011
10g-2006-23@,Z008E0175,CML52,14,5,S,3.31.2011
10g-2006-24@,Z008E0175,CML52,,,,3.31.2011
10g-2007-21@,Z008E0188,CML52,16,5,S,3.31.2011
10g-2007-22@,Z008E0188,CML52,14,5,S,3.31.2011
10g-2007-23@,Z008E0188,CML52,16,5,S,3.31.2011
10g-2008-21@,Z008E0021,CML52,16,5,S,3.31.2011
10g-2008-22@,Z008E0021,CML52,12,5,S,3.31.2011
10g-2008-23@,Z008E0021,CML52,18,5,S,3.31.2011
10g-2008-24@,Z008E0021,CML52,15,3,T,3.31.2011
10g-2008-25@,Z008E0021,CML52,,,,3.31.2011
10g-2009-21@,Z004E0025,CML247,14,4,S,3.31.2011
10g-2009-22@,Z004E0025,CML247,18,4,T,3.31.2011
10g-2009-23@,Z004E0025,CML247,16,3,S,3.31.2011
10g-2009-24@,Z004E0025,CML247,18,3,S,3.31.2011
10g-2010-21@,Z008E0034,CML52,12,5,S,3.31.2011
10g-2010-22@,Z008E0034,CML52,12,3,S,3.31.2011
10g-2010-23@,Z008E0034,CML52,14,2,S,3.31.2011
10g-2010-24@,Z008E0034,CML52,,,,3.31.2011
10g-2011-21@,Z004E0157,CML247,14,5,S,3.31.2011
10g-2011-22@,Z004E0157,CML247,14,5,S,3.31.2011
10g-2011-23@,Z004E0157,CML247,16,5,S,3.31.2011
10g-2011-24@,Z004E0157,CML247,12,3,S,3.31.2011
10g-2012-21@,Z008E0075,CML52,14,3,S,3.31.2011
10g-2012-22@,Z008E0075,CML52,12,3,S,3.31.2011
10g-2012-23@,Z008E0075,CML52,14,3,S,3.31.2011
10g-2012-24@,Z008E0075,CML52,,,,3.31.2011
10g-2012-25@,Z008E0075,CML52,,,,3.31.2011
10g-2013-21@,Z008E0062,CML52,16,5,S,3.31.2011
10g-2013-22@,Z008E0062,CML52,16,5,S,3.31.2011
10g-2013-23@,Z008E0062,CML52,16,3,S,3.31.2011
10g-2013-24@,Z008E0062,CML52,,,,3.31.2011
10g-2014-21@,Z004E0167,CML247,14,5,S,3.31.2011
10g-2014-22@,Z004E0167,CML247,14,5,S,3.31.2011
10g-2014-23@,Z004E0167,CML247,18,5,S,3.31.2011
10g-2014-24@,Z004E0167,CML247,16,4,S,3.31.2011
10g-2015-21@,Z008E0172,CML52,14,5,S,3.31.2011
10g-2015-22@,Z008E0172,CML52,12,3,T,3.31.2011
10g-2016-21@,Z018E0043,Mo18W,16,5,S,3.31.2011
10g-2016-22@,Z018E0043,Mo18W,16,4,S,3.31.2011
10g-2016-23@,Z018E0043,Mo18W,14,4,S,3.31.2011
10g-2016-24@,Z018E0043,Mo18W,14,4,S,3.31.2011
10g-2017-21@,Z005E0182,CML277,12,3,S,3.31.2011
10g-2017-22@,Z005E0182,CML277,16,3,S,3.31.2011
10g-2017-23@,Z005E0182,CML277,14,2,S,3.31.2011
10g-2017-24@,Z005E0182,CML277,,,,3.31.2011
10g-2018-21@,Z008E0040,CML52,14,5,S,3.31.2011
10g-2018-22@,Z008E0040,CML52,12,2,S,3.31.2011
10g-2019-21@,Z008E0054,CML52,14,5,S,3.31.2011
10g-2019-22@,Z008E0054,CML52,14,4,T,3.31.2011
10g-2019-23@,Z008E0054,CML52,14,4,S,3.31.2011
10g-2019-24@,Z008E0054,CML52,18,3,S,3.31.2011
10g-2019-25@,Z008E0054,CML52,,,,3.31.2011
10g-2020-21@,Z003E0077,CML228,16,3,S,3.31.2011
10g-2021-21@,Z004E0196,CML247,12,5,S,3.31.2011
10g-2021-22@,Z004E0196,CML247,16,5,S,3.31.2011
10g-2021-23@,Z004E0196,CML247,18,5,S,3.31.2011
10g-2021-24@,Z004E0196,CML247,14,5,S,3.31.2011
10g-2021-25@,Z004E0196,CML247,,,,3.31.2011
10g-2021-26@,Z004E0196,CML247,,,,3.31.2011
10g-2022-21@,Z005E0098,CML277,16,5,S,3.31.2011
10g-2022-22@,Z005E0098,CML277,16,5,S,3.31.2011
10g-2022-23@,Z005E0098,CML277,16,5,S,3.31.2011
10g-2022-24@,Z005E0098,CML277,16,4,S,3.31.2011
10g-2023-21@,Z004E0154,CML247,14,5,S,3.31.2011
10g-2023-22@,Z004E0154,CML247,12,5,S,3.31.2011
10g-2023-23@,Z004E0154,CML247,14,5,S,3.31.2011
10g-2024-21@,Z005E0053,CML277,18,5,S,3.31.2011
10g-2024-22@,Z005E0053,CML277,17,3,S,3.31.2011
10g-2024-23@,Z005E0053,CML277,,,,3.31.2011
10g-2025-21@,Z005E0131,CML277,22,5,S,3.31.2011
10g-2025-22@,Z005E0131,CML277,18,5,S,3.31.2011
10g-2025-23@,Z005E0131,CML277,18,4,S,3.31.2011
10g-2025-24@,Z005E0131,CML277,,,,3.31.2011
10g-2026-21@,Z005E0078,CML277,16,5,S,3.31.2011
10g-2026-22@,Z005E0078,CML277,14,5,S,3.31.2011
10g-2026-23@,Z005E0078,CML277,14,5,S,3.31.2011
10g-2027-21@,Z008E0018,CML52,18,5,S,3.31.2011
10g-2027-22@,Z008E0018,CML52,16,5,S,3.31.2011
10g-2027-23@,Z008E0018,CML52,14,5,S,3.31.2011
10g-2027-24@,Z008E0018,CML52,16,4,S,3.31.2011
10g-2028-21@,Z008E0030,CML52,14,4,S,3.31.2011
10g-2028-22@,Z008E0030,CML52,12,3,S,3.31.2011
10g-2028-23@,Z008E0030,CML52,14,3,S,3.31.2011
10g-2028-24@,Z008E0030,CML52,,,,3.31.2011
10g-2029-21@,Z005E0191,CML277,12,3,T,3.31.2011
10g-2029-22@,Z005E0191,CML277,12,2,S,3.31.2011
10g-2029-23@,Z005E0191,CML277,12,2,S,3.31.2011
10g-2030-21@,Z004E0176,CML247,12,5,S,3.31.2011
10g-2030-22@,Z004E0176,CML247,10,5,S,3.31.2011
10g-2030-23@,Z004E0176,CML247,12,5,S,3.31.2011
10g-2030-24@,Z004E0176,CML247,12,5,S,3.31.2011
10g-2030-25@,Z004E0176,CML247,14,5,S,3.31.2011
10g-2031-21@,Z008E0105,CML52,12,5,S,3.31.2011
10g-2031-22@,Z008E0105,CML52,12,5,S,3.31.2011
10g-2031-23@,Z008E0105,CML52,14,4,S,3.31.2011
10g-2031-24@,Z008E0105,CML52,12,5,S,3.31.2011
10g-2031-25@,Z008E0105,CML52,,,,3.31.2011
10g-2032-21@,Z005E0071,CML277,16,5,S,3.31.2011
10g-2032-22@,Z005E0071,CML277,14,4,T,3.31.2011
10g-2033-21@,Z008E0050,CML52,10,5,S,3.31.2011
10g-2033-22@,Z008E0050,CML52,12,2,S,3.31.2011
10g-1819-23@,Z008E0047,CML52,14,4,S,