plossnpid,ploschr,plospos,effect,p.value,bin10,bsle,xbsa,elite2,elite1,genotyped,cvd
1_12249153,1,12249153,-0.21020166,3.51e-09,1_1224915,-9,-9,-9,-9,-9,-9
1_16948602,1,16948602,0.205650731,3.48e-21,1_1694860,-9,-9,1,1,1,1
1_16948642,1,16948642,0.225846973,2e-21,1_1694864,-9,-9,-9,-9,-9,-9
1_17001404,1,17001404,0.221227292,7.33e-13,1_1700140,-9,-9,-9,-9,-9,-9
1_177766686,1,177766686,0.092482975,3.05e-09,1_17776669,-9,-9,-9,-9,-9,-9
1_178468904,1,178468904,0.09718001,3.23e-09,1_17846890,-9,-9,-9,-9,-9,-9
99_999999999,99,999999999,0.11997658,7.84e-11,99_1e+08,-9,-9,-9,-9,-9,-9
1_179586676,1,179586676,0.095400498,4.98e-10,1_17958668,-9,-9,-9,-9,-9,-9
1_19820021,1,19820021,0.179855473,2.47e-07,1_1982002,-9,-9,-9,-9,-9,-9
1_200697041,1,200697041,-0.265889392,1.68e-17,1_20069704,-9,-9,-9,-9,-9,-9
1_203087693,1,203087693,0.295030906,1.9e-19,1_20308769,-9,-9,-9,-9,-9,-9
1_206118613,1,206118613,-0.304928804,3.72e-19,1_20611861,-9,-9,-9,-9,-9,-9
1_207131909,1,207131909,-0.316144815,1.31e-16,1_20713191,-9,-9,-9,-9,-9,-9
1_264266001,1,264266001,-0.308154532,2.83e-09,1_26426600,-9,-9,-9,-9,-9,-9
1_266053139,1,266053139,-0.239217856,4.67e-08,1_26605314,-9,-9,-9,-9,-9,-9
1_270981614,1,270981614,0.161139274,7.92e-13,1_27098161,0,0,0,0,1,-9
1_275227003,1,275227003,0.170327318,3e-14,1_27522700,-9,-9,-9,-9,-9,-9
1_27552874,1,27552874,0.218604509,2.59e-19,1_2755287,-9,-9,-9,-9,-9,-9
1_27553068,1,27553068,0.307659481,1.63e-27,1_2755307,-9,-9,-9,-9,-9,-9
1_282444763,1,282444763,0.132310913,1.23e-09,1_28244476,-9,-9,-9,-9,-9,-9
1_288761477,1,288761477,-0.229242566,1.11e-09,1_28876148,-9,-9,-9,-9,-9,-9
1_28962193,1,28962193,-0.196236324,1.33e-08,1_2896219,-9,-9,-9,-9,-9,-9
1_292229164,1,292229164,-0.228201088,7.7e-10,1_29222916,-9,-9,-9,-9,-9,-9
1_293163760,1,293163760,-0.242058023,1.05e-08,1_29316376,-9,-9,-9,-9,-9,-9
1_293633830,1,293633830,-0.120751818,4.98e-09,1_29363383,-9,-9,-9,-9,-9,-9
1_295760551,1,295760551,-0.165645805,2.25e-08,1_29576055,-9,-9,-9,-9,-9,-9
1_296993314,1,296993314,-0.174590817,1.31e-16,1_29699331,-9,-9,-9,-9,-9,-9
1_298777083,1,298777083,-0.127923125,8.18e-14,1_29877708,-9,-9,-9,-9,-9,-9
1_299284521,1,299284521,-0.146902697,1e-07,1_29928452,-9,-9,-9,-9,-9,-9
1_30448826,1,30448826,-0.141894555,1.34e-08,1_3044883,0,0,0,0,1,-9
1_32714429,1,32714429,-0.279880614,4.07e-10,1_3271443,-9,-9,-9,-9,-9,-9
1_51761662,1,51761662,-0.119776142,1.05e-11,1_5176166,1,0,0,0,1,1
1_52090458,1,52090458,-0.134678033,7.37e-11,1_5209046,-9,-9,-9,-9,-9,-9
1_52321551,1,52321551,-0.165548831,4.62e-14,1_5232155,-9,-9,-9,-9,-9,-9
1_53008292,1,53008292,-0.16859159,1e-13,1_5300829,-9,-9,-9,-9,-9,-9
2_8902704,2,8902704,0.167054863,1.82e-08,2_890270,-9,-9,-9,-9,-9,-9
2_14731276,2,14731276,0.138844345,4.88e-08,2_1473128,-9,-9,-9,-9,-9,-9
2_16647997,2,16647997,-0.265225046,2.03e-12,2_1664800,-9,-9,-9,-9,-9,-9
2_17611010,2,17611010,-0.190182122,1.15e-11,2_1761101,-9,-9,-9,-9,-9,-9
2_19133868,2,19133868,-0.344828061,1.35e-14,2_1913387,-9,-9,-9,-9,-9,-9
2_208539753,2,208539753,-0.129186101,5e-15,2_20853975,-9,-9,-9,-9,-9,-9
2_208947275,2,208947275,-0.117626998,5.02e-10,2_20894728,-9,-9,-9,-9,-9,-9
2_209018849,2,209018849,-0.170188027,1.96e-13,2_20901885,-9,-9,-9,-9,-9,-9
2_209278322,2,209278322,-0.133516236,8.81e-14,2_20927832,-9,-9,-9,-9,-9,-9
2_209278680,2,209278680,-0.129314855,8.31e-13,2_20927868,-9,-9,-9,-9,-9,-9
2_21381594,2,21381594,0.261355849,4.15e-07,2_2138159,-9,-9,-9,-9,-9,-9
2_225537282,2,225537282,0.163529567,1.97e-12,2_22553728,0,-9,-9,-9,1,-9
2_228802123,2,228802123,0.113731092,1.15e-12,2_22880212,-9,-9,-9,-9,-9,-9
2_229026519,2,229026519,0.145561693,1.71e-12,2_22902652,-9,-9,-9,-9,-9,-9
2_229006996,2,229006996,0.184136525,1.06e-08,2_22900700,-9,-9,-9,-9,-9,-9
2_229009187,2,229009187,0.163016228,5.61e-17,2_22900919,-9,0,0,0,1,-9
2_229131819,2,229131819,0.169050593,6.56e-20,2_22913182,-9,-9,-9,-9,-9,-9
2_229188415,2,229188415,0.133466723,8.55e-08,2_22918842,-9,-9,-9,-9,-9,-9
2_229647548,2,229647548,0.271401725,9.58e-11,2_22964755,-9,-9,-9,-9,-9,-9
2_230917513,2,230917513,0.11205228,1.1e-08,2_23091751,-9,-9,-9,-9,-9,-9
2_22966976,2,22966976,-0.238450606,7.13e-16,2_2296698,-9,-9,-9,-9,-9,-9
2_232956961,2,232956961,0.214358474,3.31e-09,2_23295696,-9,-9,-9,-9,-9,-9
2_23318134,2,23318134,-0.165167173,1.02e-11,2_2331813,-9,-9,-9,-9,-9,-9
2_23978590,2,23978590,-0.189830365,9.85e-13,2_2397859,-9,-9,-9,-9,-9,-9
2_24171123,2,24171123,-0.227277169,1.16e-13,2_2417112,-9,-9,-9,-9,-9,-9
2_27290812,2,27290812,0.313980107,8.16e-10,2_2729081,-9,-9,-9,-9,-9,-9
2_48823247,2,48823247,-0.195734846,1.92e-21,2_4882325,1,0,0,0,1,1
2_52745225,2,52745225,-0.191537254,3.21e-10,2_5274522,-9,-9,-9,-9,-9,-9
2_56112294,2,56112294,-0.174535076,6.79e-18,2_5611229,-9,-9,-9,-9,-9,-9
2_63942178,2,63942178,-0.149917969,5.28e-11,2_6394218,0,0,0,0,1,-9
2_69029932,2,69029932,-0.23501221,3.81e-11,2_6902993,-9,-9,-9,-9,-9,-9
3_5579604,3,5579604,-0.136928542,2.23e-07,3_557960,-9,-9,-9,-9,-9,-9
3_7747366,3,7747366,-0.100478979,9.03e-07,3_774737,-9,-9,-9,-9,-9,-9
3_134614236,3,134614236,-0.22758791,2.68e-08,3_13461424,-9,-9,-9,-9,-9,-9
3_159868404,3,159868404,-0.138599855,3.91e-08,3_15986840,-9,-9,-9,-9,-9,-9
3_161694497,3,161694497,-0.21277563,2.26e-08,3_16169450,-9,-9,-9,-9,-9,-9
3_162180009,3,162180009,0.126388589,8.41e-08,3_16218001,-9,-9,-9,-9,-9,-9
3_165894770,3,165894770,-0.188176445,2.69e-20,3_16589477,0,0,0,0,1,-9
3_166452427,3,166452427,-0.145134648,2.61e-08,3_16645243,-9,-9,-9,-9,-9,-9
3_169044562,3,169044562,-0.177949065,2.29e-22,3_16904456,-9,-9,-9,-9,-9,-9
3_169053730,3,169053730,-0.218321081,3.9e-09,3_16905373,-9,-9,-9,-9,-9,-9
3_170692288,3,170692288,-0.155492664,3.74e-07,3_17069229,-9,-9,-9,-9,-9,-9
3_201331091,3,201331091,-0.200396868,4.54e-13,3_20133109,-9,-9,-9,-9,-9,-9
3_205149257,3,205149257,0.272852336,2.37e-07,3_20514926,-9,-9,-9,-9,-9,-9
3_205234866,3,205234866,0.285751454,6.41e-08,3_20523487,-9,-9,-9,-9,-9,-9
3_206607034,3,206607034,0.300674657,5.99e-08,3_20660703,-9,-9,-9,-9,-9,-9
3_207148454,3,207148454,0.286581367,8.98e-08,3_20714845,-9,-9,-9,-9,-9,-9
3_217657095,3,217657095,-0.147867168,1.33e-07,3_21765710,-9,-9,-9,-9,-9,-9
3_217651103,3,217651103,-0.13848857,4.83e-13,3_21765110,-9,-9,-9,-9,-9,-9
3_218188462,3,218188462,-0.223387482,2.62e-07,3_21818846,-9,-9,-9,-9,-9,-9
3_220703983,3,220703983,-0.14474129,9.66e-08,3_22070398,-9,-9,-9,-9,-9,-9
4_2035273,4,2035273,-0.259054666,7.19e-09,4_203527,-9,-9,-9,-9,-9,-9
4_2435401,4,2435401,-0.138244352,7.35e-09,4_243540,-9,-9,-9,-9,-9,-9
4_2998402,4,2998402,-0.260999171,2.15e-10,4_299840,-9,-9,-9,-9,-9,-9
4_3618324,4,3618324,-0.264219789,2.76e-08,4_361832,-9,-9,-9,-9,-9,-9
4_3761846,4,3761846,-0.168578217,1.39e-15,4_376185,-9,-9,-9,-9,-9,-9
4_5376957,4,5376957,-0.11900277,2.42e-08,4_537696,-9,-9,-9,-9,-9,-9
4_5378934,4,5378934,-0.123241204,2.4e-09,4_537893,1,0,0,0,1,1
4_136389151,4,136389151,-0.263861881,8.56e-10,4_13638915,-9,-9,-9,-9,-9,-9
4_137643272,4,137643272,-0.244811058,2.31e-08,4_13764327,-9,-9,-9,-9,-9,-9
4_142494821,4,142494821,-0.236360951,8.68e-10,4_14249482,-9,-9,-9,-9,-9,-9
4_142516000,4,142516000,-0.23237862,5.37e-14,4_14251600,-9,-9,-9,-9,-9,-9
4_196020596,4,196020596,-0.197020453,2.12e-12,4_19602060,-9,-9,-9,-9,-9,-9
4_196985444,4,196985444,-0.1618699,1.31e-11,4_19698544,-9,-9,-9,-9,-9,-9
4_197781791,4,197781791,-0.210453396,1.38e-11,4_19778179,-9,-9,-9,-9,-9,-9
4_199217501,4,199217501,-0.287412354,1.19e-39,4_19921750,-9,-9,-9,-9,-9,-9
4_199290446,4,199290446,-0.28743878,7.71e-43,4_19929045,-9,-9,-9,-9,-9,-9
4_200185422,4,200185422,-0.23244001,1.35e-12,4_20018542,-9,-9,-9,-9,-9,-9
4_200190059,4,200190059,-0.330718723,5.97e-59,4_20019006,0,0,0,0,1,-9
4_200191879,4,200191879,-0.35183686,2.08e-56,4_20019188,-9,-9,-9,-9,-9,-9
4_200534922,4,200534922,-0.154732509,1.15e-09,4_20053492,-9,-9,-9,-9,-9,-9
4_226676085,4,226676085,-0.219359541,3.05e-13,4_22667608,-9,-9,-9,-9,-9,-9
4_227890178,4,227890178,-0.154934621,1.37e-09,4_22789018,-9,-9,-9,-9,-9,-9
4_228852824,4,228852824,-0.29734288,1.33e-08,4_22885282,-9,-9,-9,-9,-9,-9
4_234118166,4,234118166,-0.23825412,1.93e-11,4_23411817,-9,0,-9,-9,1,-9
4_235722522,4,235722522,-0.178768058,2.14e-15,4_23572252,-9,-9,-9,-9,-9,-9
4_235722631,4,235722631,-0.231511456,1.13e-26,4_23572263,-9,-9,-9,-9,-9,-9
4_235722728,4,235722728,-0.264214868,1.11e-11,4_23572273,-9,-9,-9,-9,-9,-9
4_235722730,4,235722730,-0.213707293,1.05e-10,4_23572273,-9,-9,-9,-9,-9,-9
4_235746388,4,235746388,-0.222039087,5.8e-22,4_23574639,-9,-9,-9,-9,-9,-9
4_236091061,4,236091061,-0.208626155,4.09e-30,4_23609106,-9,-9,-9,-9,-9,-9
4_236393135,4,236393135,-0.138495132,9.02e-09,4_23639314,-9,-9,-9,-9,-9,-9
4_236395145,4,236395145,-0.189618142,5.83e-23,4_23639514,-9,-9,-9,-9,-9,-9
4_67940518,4,67940518,-0.175897279,2.75e-15,4_6794052,-9,-9,0,0,1,-9
5_4602597,5,4602597,0.208232187,2.06e-08,5_460260,-9,-9,-9,-9,-9,-9
5_6278237,5,6278237,-0.199763139,1.03e-09,5_627824,-9,-9,-9,-9,-9,-9
5_6327598,5,6327598,-0.138988537,9.21e-08,5_632760,-9,-9,-9,-9,-9,-9
5_6435288,5,6435288,0.193249613,5e-09,5_643529,-9,-9,-9,-9,-9,-9
5_6617304,5,6617304,-0.151269007,1.07e-10,5_661730,-9,-9,-9,-9,-9,-9
5_6617591,5,6617591,0.237365825,1.18e-10,5_661759,-9,-9,-9,-9,-9,-9
5_6618581,5,6618581,0.222225386,9.26e-10,5_661858,-9,0,0,0,1,-9
5_6683485,5,6683485,-0.20931621,1.71e-10,5_668348,0,0,0,0,1,-9
5_7589567,5,7589567,-0.242689141,2.89e-09,5_758957,-9,-9,-9,-9,-9,-9
5_9332023,5,9332023,-0.224374655,2.55e-10,5_933202,0,0,0,0,1,-9
5_123809479,5,123809479,-0.149699888,3.29e-10,5_12380948,-9,-9,-9,-9,-9,-9
5_127023540,5,127023540,-0.195706877,5.29e-13,5_12702354,-9,-9,-9,-9,-9,-9
5_14101544,5,14101544,-0.175000202,3.09e-12,5_1410154,0,-9,-9,-9,1,-9
5_141825053,5,141825053,-0.269174016,9.46e-14,5_14182505,-9,-9,-9,-9,-9,-9
5_141855549,5,141855549,-0.249317599,7.8e-13,5_14185555,-9,-9,-9,-9,-9,-9
5_146367755,5,146367755,-0.345750901,6.94e-15,5_14636776,-9,-9,-9,-9,-9,-9
5_15463951,5,15463951,-0.200569815,2.19e-14,5_1546395,-9,0,0,0,1,-9
5_15463957,5,15463957,-0.208248249,1.77e-12,5_1546396,-9,-9,-9,-9,-9,-9
5_164861622,5,164861622,-0.172182065,1.08e-14,5_16486162,-9,-9,-9,-9,-9,-9
5_164861444,5,164861444,-0.133727364,8.42e-10,5_16486144,-9,-9,-9,-9,-9,-9
5_18675358,5,18675358,-0.228452962,5.78e-15,5_1867536,-9,-9,-9,-9,-9,-9
5_19679563,5,19679563,-0.171141571,5.21e-12,5_1967956,-9,-9,-9,-9,-9,-9
5_19679773,5,19679773,-0.122396748,1.87e-09,5_1967977,-9,-9,-9,-9,-9,-9
5_19679800,5,19679800,-0.136319137,1.11e-12,5_1967980,-9,-9,-9,-9,-9,-9
5_206562849,5,206562849,-0.160432634,2.48e-07,5_20656285,-9,-9,-9,-9,-9,-9
5_207708429,5,207708429,0.16343613,1.59e-07,5_20770843,-9,-9,-9,-9,-9,-9
5_212874384,5,212874384,0.160183326,2.18e-07,5_21287438,-9,-9,-9,-9,-9,-9
5_213059003,5,213059003,0.402422246,7.69e-15,5_21305900,0,1,1,1,1,1
5_213260166,5,213260166,0.269154819,2.4e-15,5_21326017,0,1,1,1,1,1
5_213747748,5,213747748,0.400569864,3.01e-13,5_21374775,-9,-9,-9,-9,-9,-9
5_35159221,5,35159221,0.245701468,1.14e-08,5_3515922,-9,-9,-9,-9,-9,-9
5_36593659,5,36593659,0.270357009,1.19e-07,5_3659366,-9,-9,-9,-9,-9,-9
5_43652634,5,43652634,-0.328014049,3.2e-12,5_4365263,-9,-9,-9,-9,-9,-9
5_61516168,5,61516168,-0.23352524,1.96e-18,5_6151617,0,0,0,0,1,-9
5_61748886,5,61748886,0.310014541,9.58e-10,5_6174889,-9,-9,-9,-9,-9,-9
5_77131074,5,77131074,-0.17243251,4.34e-21,5_7713107,0,0,0,0,1,-9
6_113036568,6,113036568,0.137191555,1.61e-07,6_11303657,-9,-9,-9,-9,-9,-9
6_115573847,6,115573847,0.078428379,9.61e-07,6_11557385,-9,-9,-9,-9,-9,-9
6_125987080,6,125987080,0.185093905,1.44e-08,6_12598708,-9,-9,-9,-9,-9,-9
6_128467407,6,128467407,0.129278679,5.97e-10,6_12846741,-9,-9,-9,-9,-9,-9
6_152775677,6,152775677,0.21108496,3.94e-10,6_15277568,-9,-9,-9,-9,-9,-9
6_152907676,6,152907676,0.20164098,4.4e-09,6_15290768,-9,-9,-9,-9,-9,-9
6_153759990,6,153759990,-0.261418209,6.43e-17,6_15375999,-9,-9,-9,-9,-9,-9
6_157219131,6,157219131,0.164720894,7.91e-10,6_15721913,-9,-9,-9,-9,-9,-9
6_158643178,6,158643178,0.123557202,1.96e-08,6_15864318,-9,-9,-9,-9,-9,-9
6_168066762,6,168066762,-0.089614512,1.51e-07,6_16806676,-9,-9,-9,-9,-9,-9
6_167985688,6,167985688,-0.107559979,5.26e-07,6_16798569,-9,-9,-9,-9,-9,-9
6_45344700,6,45344700,-0.12954727,2.86e-07,6_4534470,-9,-9,-9,-9,-9,-9
6_16291869,6,16291869,0.197148318,5.31e-20,6_1629187,-9,-9,-9,-9,-9,-9
6_83935796,6,83935796,-0.1398293,2.07e-07,6_8393580,-9,-9,-9,-9,-9,-9
6_89686818,6,89686818,-0.115667611,6e-08,6_8968682,0,0,0,0,1,-9
6_89691332,6,89691332,-0.132242824,3.32e-08,6_8969133,-9,-9,-9,-9,-9,-9
6_93237796,6,93237796,-0.095642711,4.13e-07,6_9323780,-9,-9,-9,-9,-9,-9
7_107231849,7,107231849,-0.245008891,4.6e-09,7_10723185,-9,-9,-9,-9,-9,-9
7_115549380,7,115549380,0.214413328,1e-07,7_11554938,-9,-9,-9,-9,-9,-9
7_118127966,7,118127966,0.224892714,8.15e-13,7_11812797,-9,-9,-9,-9,-9,-9
7_121011622,7,121011622,0.167895453,2.9e-11,7_12101162,-9,-9,-9,-9,-9,-9
7_122071751,7,122071751,0.184046598,1.22e-13,7_12207175,-9,-9,-9,-9,-9,-9
7_122701373,7,122701373,0.249988303,4.15e-10,7_12270137,0,0,0,0,1,-9
7_128381601,7,128381601,0.161663593,3.95e-10,7_12838160,-9,-9,-9,-9,-9,-9
7_128420528,7,128420528,0.164322957,8.16e-11,7_12842053,-9,-9,-9,-9,-9,-9
7_129236043,7,129236043,-0.21794891,1.23e-07,7_12923604,-9,-9,-9,-9,-9,-9
7_129234393,7,129234393,-0.338538034,2.3e-11,7_12923439,-9,-9,-9,-9,-9,-9
7_130248133,7,130248133,-0.134139261,2.81e-07,7_13024813,-9,-9,-9,-9,-9,-9
7_13566860,7,13566860,-0.145161877,8.98e-07,7_1356686,-9,-9,-9,-9,-9,-9
7_145077282,7,145077282,0.297421955,1.81e-12,7_14507728,0,-9,0,0,1,-9
7_164661579,7,164661579,-0.11894093,5.04e-13,7_16466158,0,0,0,0,1,-9
7_165509906,7,165509906,-0.128611566,2.13e-10,7_16550991,-9,-9,-9,-9,-9,-9
7_167506992,7,167506992,-0.116305774,4.23e-11,7_16750699,-9,-9,-9,-9,-9,-9
7_168167971,7,168167971,-0.135944832,5.04e-12,7_16816797,-9,-9,-9,-9,-9,-9
7_168905256,7,168905256,-0.210321918,2.88e-09,7_16890526,-9,-9,-9,-9,-9,-9
7_169449883,7,169449883,0.157892746,2.72e-09,7_16944988,-9,-9,-9,-9,-9,-9
7_20995831,7,20995831,0.170472199,1.36e-22,7_2099583,-9,-9,-9,-9,-9,-9
7_21636228,7,21636228,0.171726719,1.78e-20,7_2163623,0,-9,-9,-9,1,-9
8_12572819,8,12572819,-0.173507689,1.25e-09,8_1257282,-9,-9,-9,-9,-9,-9
8_13601350,8,13601350,-0.211743524,2.93e-09,8_1360135,-9,-9,-9,-9,-9,-9
8_13806157,8,13806157,-0.240356991,3.6e-11,8_1380616,-9,-9,-9,-9,-9,-9
8_157972701,8,157972701,0.129943569,5.3e-07,8_15797270,-9,-9,-9,-9,-9,-9
8_159798802,8,159798802,0.170956326,2.36e-07,8_15979880,-9,-9,-9,-9,-9,-9
8_162532858,8,162532858,0.097878232,8.63e-08,8_16253286,-9,-9,-9,-9,-9,-9
8_163724905,8,163724905,0.117772361,1.04e-07,8_16372490,-9,-9,-9,-9,-9,-9
8_167283839,8,167283839,0.156141394,7.32e-24,8_16728384,-9,-9,-9,-9,-9,-9
8_167703364,8,167703364,0.159680847,1.37e-24,8_16770336,-9,-9,-9,-9,-9,-9
8_168020311,8,168020311,0.16003353,1.38e-24,8_16802031,-9,0,0,0,1,-9
8_168953158,8,168953158,0.147205377,7.31e-17,8_16895316,-9,-9,-9,-9,-9,-9
8_169192148,8,169192148,0.153527076,4.83e-17,8_16919215,0,0,0,0,1,-9
8_17421490,8,17421490,-0.21116132,2.53e-09,8_1742149,-9,-9,-9,-9,-9,-9
8_18976384,8,18976384,-0.211247848,2.41e-09,8_1897638,-9,-9,-9,-9,-9,-9
8_18366752,8,18366752,0.297712504,8.09e-20,8_1836675,-9,-9,-9,-9,-9,-9
8_18219458,8,18219458,0.142246424,1.02e-06,8_1821946,-9,-9,-9,-9,-9,-9
8_19121519,8,19121519,0.337627489,2.59e-20,8_1912152,-9,-9,-9,-9,-9,-9
8_19234832,8,19234832,0.349081381,6.72e-22,8_1923483,-9,-9,-9,-9,-9,-9
9_1590298,9,1590298,0.230689163,2.47e-07,9_159030,-9,-9,-9,-9,-9,-9
9_4279768,9,4279768,-0.175254805,1.06e-27,9_427977,-9,-9,-9,-9,-9,-9
9_4437465,9,4437465,-0.132583795,2.37e-07,9_443746,-9,-9,-9,-9,-9,-9
9_4656722,9,4656722,-0.182258874,3.82e-30,9_465672,-9,-9,-9,-9,-9,-9
9_6491295,9,6491295,-0.173442012,3.12e-24,9_649130,1,0,0,0,1,1
9_6491625,9,6491625,-0.182023038,1.5e-28,9_649162,0,0,0,0,1,-9
9_6491978,9,6491978,-0.22451792,4.15e-31,9_649198,-9,-9,-9,-9,-9,-9
9_6573534,9,6573534,-0.173147187,9.56e-15,9_657353,-9,-9,-9,-9,-9,-9
9_108344502,9,108344502,-0.157390168,2.35e-09,9_10834450,-9,-9,-9,-9,-9,-9
9_116235138,9,116235138,-0.120651972,1.25e-08,9_11623514,-9,-9,-9,-9,-9,-9
9_11440170,9,11440170,0.135626077,1.09e-08,9_1144017,-9,-9,-9,-9,-9,-9
9_118923900,9,118923900,-0.108983996,1.26e-07,9_11892390,-9,-9,-9,-9,-9,-9
9_138688357,9,138688357,-0.198233526,2.49e-19,9_13868836,-9,-9,-9,-9,-9,-9
9_138688564,9,138688564,-0.190025988,3.28e-19,9_13868856,-9,-9,-9,-9,-9,-9
9_139948749,9,139948749,-0.191799498,9.52e-22,9_13994875,1,0,0,0,1,1
9_139963328,9,139963328,-0.169096546,8.41e-15,9_13996333,-9,-9,-9,-9,-9,-9
9_146761201,9,146761201,0.175177657,5.39e-09,9_14676120,-9,-9,-9,-9,-9,-9
9_146761464,9,146761464,0.106494413,1.27e-09,9_14676146,-9,-9,-9,-9,-9,-9
9_146813206,9,146813206,0.148371782,5.12e-10,9_14681321,-9,-9,-9,-9,-9,-9
9_147484245,9,147484245,0.287475432,7.94e-09,9_14748424,-9,-9,-9,-9,-9,-9
9_147510858,9,147510858,0.228743089,2.18e-08,9_14751086,-9,-9,-9,-9,-9,-9
9_14539256,9,14539256,0.165064113,1.07e-08,9_1453926,-9,-9,-9,-9,-9,-9
9_42586428,9,42586428,-0.202493149,3.93e-12,9_4258643,-9,-9,-9,-9,-9,-9
9_47438831,9,47438831,-0.268306947,1.05e-10,9_4743883,-9,-9,-9,-9,-9,-9
9_74069584,9,74069584,-0.224778131,3.62e-08,9_7406958,-9,-9,-9,-9,-9,-9
9_98686921,9,98686921,-0.216245081,1.85e-11,9_9868692,-9,-9,-9,-9,-9,-9
10_113129977,10,113129977,-0.413049693,3.82e-16,10_11312998,-9,-9,-9,-9,-9,-9
10_117476416,10,117476416,0.195848401,1.78e-06,10_11747642,-9,-9,-9,-9,-9,-9
10_122271581,10,122271581,-0.420388498,4.17e-17,10_12227158,-9,-9,-9,-9,-9,-9
10_124185287,10,124185287,-0.378702188,2.03e-14,10_12418529,-9,-9,-9,-9,-9,-9
10_127813721,10,127813721,-0.399002178,1.62e-14,10_12781372,-9,-9,-9,-9,-9,-9
10_132613171,10,132613171,-0.242251644,2.41e-09,10_13261317,-9,-9,-9,-9,-9,-9
10_133269498,10,133269498,-0.328673807,7.87e-14,10_13326950,-9,0,0,0,1,-9
10_133370422,10,133370422,-0.189180335,9.2e-10,10_13337042,-9,-9,-9,-9,-9,-9
10_133681246,10,133681246,-0.289050461,7.55e-11,10_13368125,-9,-9,-9,-9,-9,-9
10_136617053,10,136617053,-0.298480148,3.51e-11,10_13661705,-9,-9,-9,-9,-9,-9
10_137833143,10,137833143,-0.193748329,3.6e-23,10_13783314,-9,-9,-9,-9,-9,-9
10_139292647,10,139292647,0.17659099,1.75e-07,10_13929265,-9,-9,-9,-9,-9,-9
10_142167917,10,142167917,-0.124748812,4.44e-09,10_14216792,-9,-9,-9,-9,-9,-9
10_142799061,10,142799061,-0.256137739,2.71e-08,10_14279906,-9,-9,-9,-9,-9,-9
10_143388294,10,143388294,-0.142230307,1.28e-06,10_14338829,-9,-9,-9,-9,-9,-9
10_14728369,10,14728369,0.150116912,6.07e-09,10_1472837,-9,-9,-9,-9,-9,-9
10_25514722,10,25514722,0.229671997,2.33e-09,10_2551472,-9,-9,-9,-9,-9,-9
10_26349062,10,26349062,0.139621922,5.38e-10,10_2634906,0,0,0,1,1,1
10_60481497,10,60481497,-0.259484069,3.21e-07,10_6048150,-9,-9,-9,-9,-9,-9
10_38689208,10,38689208,-0.277502544,9.74e-08,10_3868921,-9,-9,-9,-9,-9,-9
10_65705189,10,65705189,0.194655842,1.93e-08,10_6570519,-9,-9,-9,-9,-9,-9
10_70254398,10,70254398,0.438086706,1.32e-18,10_7025440,-9,-9,-9,-9,-9,-9
10_71557592,10,71557592,0.377817002,2.18e-20,10_7155759,-9,-9,-9,-9,-9,-9
10_73001751,10,73001751,0.329915022,2.15e-15,10_7300175,-9,-9,-9,-9,-9,-9
