snpid,order,chr,pos,VALUE,method,bin,effect,h2,bin10,bsle,xbsa,elite2,elite1,genotyped,cvd
10_121407133,219,10,121407133,0.4042,bayes,10_1214,0.417540937,0.004774035,10_12140713,-9,-9,-9,-9,-9,-9
10_135043790,220,10,135043790,0.2313,bayes,10_1350,0.93670745,0.010024973,10_13504379,-9,-9,-9,-9,-9,-9
10_137881930,221,10,137881930,0.1015,bayes,10_1379,0.967705715,0.011549046,10_13788193,-9,-9,0,0,1,-9
10_137903044,222,10,137903044,15.37306209,snptest,10_1379,0.525252025,0.015012069,10_13790304,0,0,0,0,1,-9
10_137943511,223,10,137943511,0.0781,bayes,10_1379,0.741423366,0.010289367,10_13794351,-9,-9,-9,-9,-9,-9
10_137951908,224,10,137951908,0.1391,bayes,10_1380,0.766943407,0.011217465,10_13795191,-9,-9,-9,-9,-9,-9
10_137955409,225,10,137955409,0.1055,bayes,10_1380,0.719533729,0.010742164,10_13795541,-9,-9,-9,-9,-9,-9
10_137989336,226,10,137989336,14.95603709,snptest,10_1380,0.503108631,0.014357464,10_13798934,-9,-9,-9,-9,-9,-9
10_137998831,227,10,137998831,0.0944,bayes,10_1380,0.893137038,0.011268116,10_13799883,-9,-9,-9,-9,-9,-9
10_138019385,228,10,138019385,15.24424552,snptest,10_1380,0.521543193,0.015398104,10_13801938,0,-9,0,1,1,1
10_139310781,229,10,139310781,0.0652,bayes,10_13931078,0.4390032,0.008770275,10_13931078,-9,0,0,1,1,1
10_141509779,230,10,141509779,0.09,bayes,10_1415,0.882569842,0.011696933,10_14150978,-9,-9,-9,-9,-9,-9
10_141509800,231,10,141509800,7.26257888,stepwise,10_1415,0.995686527,0.012236184,10_14150980,-9,-9,-9,-9,-9,-9
10_54742641,218,10,54742641,6.35676493,stepwise,10_547,0.426385246,0.002938865,10_5474264,-9,-9,-9,-9,-9,-9
10_9360960,216,10,9360960,3.15330163,stepwise,10_94,0.599469583,0.004113159,10_936096,-9,-9,1,1,1,1
10_9362813,217,10,9362813,36.52585351,snptest,10_94,0.033304913,5.65e-05,10_936281,-9,0,-9,-9,1,-9
1_14416971,3,1,14416971,0.1043,bayes,1_144,-0.474231057,0.003329246,1_1441697,-9,-9,-9,-9,-9,-9
1_14416985,4,1,14416985,4.03769706,stepwise,1_144,-0.54711795,0.004248354,1_1441698,-9,-9,-9,-9,-9,-9
1_15518012,5,1,15518012,0.067,bayes,1_155,-0.541224227,0.002380015,1_1551801,-9,-9,-9,-9,-9,-9
1_185874440,20,1,185874440,9.64879056,stepwise,1_1859,-0.496546935,0.004456513,1_18587444,-9,-9,-9,-9,-9,-9
1_202396432,21,1,202396432,0.1157,bayes,1_20239643,0.5495167,0.001627825,1_20239643,0,1,-9,-9,1,1
1_202995760,22,1,202995760,5.44490902,stepwise,1_2030,0.17724349,0.000340356,1_20299576,-9,-9,-9,-9,-9,-9
1_202996451,23,1,202996451,0.0867,bayes,1_2030,0.357182653,0.001069024,1_20299645,-9,-9,-9,-9,-9,-9
1_203086382,24,1,203086382,0.516,bayes,1_2031,-0.545770554,0.006025396,1_20308638,-9,0,-9,0,1,-9
1_209034237,25,1,209034237,8.40875154,stepwise,1_2090,-0.816170081,0.007075231,1_20903424,-9,-9,-9,-9,-9,-9
1_22688691,6,1,22688691,0.5913,bayes,1_227,-0.613948688,0.010301733,1_2268869,-9,-9,-9,-9,-9,-9
1_25401487,7,1,25401487,0.0211,bayes,1_254,-0.66719093,0.006120183,1_2540149,-9,-9,-9,-9,-9,-9
1_25422726,8,1,25422726,0.0259,bayes,1_254,-0.592479586,0.005216593,1_2542273,-9,-9,-9,-9,-9,-9
1_25439265,9,1,25439265,87.14175849,snptest,1_254,-0.285723049,0.000869729,1_2543926,-9,-9,-9,-9,-9,-9
1_27193154,10,1,27193154,21.3767871,snptest,1_272,-0.376616876,0.002563467,1_2719315,-9,-9,0,0,1,-9
1_27193157,11,1,27193157,21.3767871,snptest,1_272,-0.376616876,0.002563467,1_2719316,-9,-9,-9,-9,-9,-9
1_27193158,12,1,27193158,21.3767871,snptest,1_272,-0.376616876,0.002563467,1_2719316,-9,-9,-9,-9,-9,-9
1_27193272,13,1,27193272,21.3767871,snptest,1_272,-0.376616876,0.002563467,1_2719327,-9,-9,-9,-9,-9,-9
1_27193273,14,1,27193273,18.83514513,snptest,1_272,-0.415729473,0.003536341,1_2719327,-9,-9,-9,-9,-9,-9
1_27193281,15,1,27193281,21.3767871,snptest,1_272,-0.376616876,0.002563467,1_2719328,-9,-9,-9,-9,-9,-9
1_27205707,16,1,27205707,0.0242,bayes,1_272,-0.78763292,0.008120768,1_2720571,-9,-9,-9,-9,-9,-9
1_293634086,26,1,293634086,0.281,bayes,1_2936,0.43674005,0.004465978,1_29363409,-9,-9,-9,-9,-9,-9
1_293806450,27,1,293806450,8.50686723,stepwise,1_2938,0.414870139,0.002035775,1_29380645,-9,-9,-9,-9,-9,-9
1_298276980,28,1,298276980,3.57009128,stepwise,1_2983,0.391499108,0.001570508,1_29827698,-9,-9,0,0,1,-9
1_298329099,29,1,298329099,0.0231,bayes,1_2983,0.531840385,0.004992553,1_29832910,-9,-9,-9,-9,-9,-9
1_300008663,30,1,300008663,8.56448864,stepwise,1_3000,0.67417225,0.005591624,1_30000866,-9,-9,-9,-9,-9,-9
1_34263565,17,1,34263565,0.0781,bayes,1_343,0.300865909,0.001237748,1_3426356,0,-9,0,0,1,-9
1_3740636,1,1,3740636,0.0706,bayes,1_37,-0.375980678,0.00180315,1_374064,-9,-9,-9,-9,-9,-9
1_3746867,2,1,3746867,6.22381102,stepwise,1_37,0.009879715,0,1_374687,-9,-9,-9,-9,-9,-9
1_68182349,18,1,68182349,9.38086836,stepwise,1_682,0.208980506,0.00062725,1_6818235,-9,-9,-9,-9,-9,-9
1_68182367,19,1,68182367,0.0621,bayes,1_682,0.208980506,0.00062725,1_6818237,-9,-9,-9,-9,-9,-9
2_16873627,31,2,16873627,0.3676,bayes,2_169,0.477983388,0.00499926,2_1687363,0,0,0,0,1,-9
2_17574448,32,2,17574448,0.4284,bayes,2_176,0.477307724,0.007864138,2_1757445,0,0,0,0,1,-9
2_179828557,39,2,179828557,102.2759288,snptest,2_1798,0.480158909,0.003317301,2_17982856,-9,-9,-9,-9,-9,-9
2_18360174,33,2,18360174,0.4896,bayes,2_184,0.261362842,0.001487669,2_1836017,-9,-9,-9,-9,-9,-9
2_18389066,34,2,18389066,6.534565,stepwise,2_184,0.127112711,0.000210152,2_1838907,-9,-9,-9,-9,-9,-9
2_18420414,35,2,18420414,0.1947,bayes,2_184,0.189432604,0.000764847,2_1842041,-9,-9,-9,-9,-9,-9
2_214659117,40,2,214659117,0.1298,bayes,2_2147,-0.244097378,0.000976587,2_21465912,-9,-9,0,0,1,-9
2_214693907,41,2,214693907,5.95871545,stepwise,2_2147,-0.473049242,0.002512163,2_21469391,-9,-9,-9,-9,-9,-9
2_227048681,42,2,227048681,0.1454,bayes,2_2270,-0.355154193,0.001832523,2_22704868,-9,-9,-9,-9,-9,-9
2_229528586,43,2,229528586,0.3326,bayes,2_2295,-0.539782659,0.003982993,2_22952859,-9,-9,-9,-9,-9,-9
2_52724067,36,2,52724067,9.84973839,stepwise,2_527,0.666029536,0.00767042,2_5272407,-9,-9,-9,-9,-9,-9
2_52747025,37,2,52747025,0.0926,bayes,2_527,0.639263238,0.007894969,2_5274702,1,1,0,1,1,1
2_52833051,38,2,52833051,0.2753,bayes,2_528,0.786817148,0.012781804,2_5283305,0,0,0,0,1,-9
3_133293491,51,3,133293491,7.85299431,stepwise,3_1333,0.795580328,0.007788349,3_13329349,-9,-9,-9,-9,-9,-9
3_166034352,52,3,166034352,0.1232,bayes,3_1660,0.822230123,0.00919717,3_16603435,-9,-9,-9,-9,-9,-9
3_166808666,53,3,166808666,7.38915206,stepwise,3_1668,0.47172716,0.004256938,3_16680867,-9,-9,0,0,1,-9
3_169044562,54,3,169044562,0.5495,bayes,3_1690,0.434892232,0.008662535,3_16904456,0,0,0,0,1,-9
3_190442492,55,3,190442492,0.1933,bayes,3_1904,-0.223591329,0.000390972,3_19044249,-9,-9,-9,-9,-9,-9
3_194042011,56,3,194042011,0.4367,bayes,3_19404201,0.4323115,0.001039041,3_19404201,0,1,1,1,1,1
3_201331174,57,3,201331174,0.844,bayes,3_2013,0.716625923,0.010156072,3_20133117,-9,-9,-9,-9,-9,-9
3_20378172,48,3,20378172,0.0515,bayes,3_2037817,0.3667025,0.001155525,3_2037817,1,0,0,0,1,1
3_20591776,49,3,20591776,6.68983915,stepwise,3_206,0.622273203,0.003655673,3_2059178,0,0,0,0,1,-9
3_20592157,50,3,20592157,0.0614,bayes,3_206,0.582068606,0.003210567,3_2059216,-9,-9,-9,-9,-9,-9
3_212606824,58,3,212606824,19.48159925,snptest,3_2126,0.282659766,0.002291224,3_21260682,1,1,1,1,1,1
3_212612168,59,3,212612168,3.3971121,stepwise,3_2126,0.030345397,1.48e-05,3_21261217,0,0,0,0,1,-9
3_217150864,60,3,217150864,0.0133,bayes,3_21715086,0.6497168,0.009289305,3_21715086,-9,-9,1,1,1,1
3_217212780,61,3,217212780,13.75749475,snptest,3_2172,0.434596774,0.012001757,3_21721278,1,0,1,1,1,1
3_217234748,62,3,217234748,0.0366,bayes,3_2172,0.7399356,0.014235401,3_21723475,-9,-9,-9,-9,-9,-9
3_217237484,63,3,217237484,13.4410826,snptest,3_2172,0.475524044,0.011966275,3_21723748,-9,-9,-9,-9,-9,-9
3_217650733,64,3,217650733,0.8007,bayes,3_2177,0.699754351,0.013000566,3_21765073,-9,-9,-9,-9,-9,-9
3_217651051,65,3,217651051,14.69242061,snptest,3_2177,0.492896367,0.012541,3_21765105,-9,-9,-9,-9,-9,-9
3_217669317,66,3,217669317,14.98444766,snptest,3_2177,0.406216438,0.010955395,3_21766932,-9,-9,-9,-9,-9,-9
3_217896087,67,3,217896087,0.0223,bayes,3_2179,0.681247629,0.012493917,3_21789609,-9,-9,-9,-9,-9,-9
3_217901194,68,3,217901194,13.89178201,snptest,3_2179,0.411975417,0.010770819,3_21790119,-9,-9,-9,-9,-9,-9
3_219169602,69,3,219169602,0.0848,bayes,3_2192,0.322473761,0.001172261,3_21916960,-9,-9,-9,-9,-9,-9
3_219175933,70,3,219175933,6.18927253,stepwise,3_2192,0.755252211,0.006893741,3_21917593,-9,-9,-9,-9,-9,-9
3_219188285,71,3,219188285,3.75598111,stepwise,3_2192,0.494657461,0.004838799,3_21918828,-9,-9,-9,-9,-9,-9
3_226487911,72,3,226487911,3.18626784,stepwise,3_2265,0.303800328,0.002237966,3_22648791,-9,-9,-9,-9,-9,-9
3_226515826,73,3,226515826,0.0723,bayes,3_2265,0.422613457,0.005738302,3_22651583,-9,-9,-9,-9,-9,-9
3_227131072,74,3,227131072,8.0818907,stepwise,3_2271,0.710184252,0.007046604,3_22713107,-9,-9,1,1,1,1
3_229120153,75,3,229120153,0.2549,bayes,3_2291,0.065756515,0.000107136,3_22912015,-9,-9,-9,-9,-9,-9
3_2384984,44,3,2384984,0.0466,bayes,3_24,0.284742743,0.001964234,3_238498,-9,-9,-9,-9,-9,-9
3_5953194,45,3,5953194,0.0526,bayes,3_60,0.030832224,1.14e-05,3_595319,-9,-9,-9,-9,-9,-9
3_5989888,46,3,5989888,7.43781998,stepwise,3_60,-0.3126477,0.001072726,3_598989,-9,-9,-9,-9,-9,-9
3_5989897,47,3,5989897,0.6213,bayes,3_60,-0.3126477,0.001072726,3_598990,-9,-9,-9,-9,-9,-9
4_1223785,76,4,1223785,0.4119,bayes,4_12,0.397990589,0.008870231,4_122378,0,0,0,0,1,-9
4_1223794,77,4,1223794,9.052287298,snptest,4_12,0.394085389,0.008846513,4_122379,-9,-9,-9,-9,-9,-9
4_1223829,78,4,1223829,0.2821,bayes,4_12,0.397990589,0.008870231,4_122383,-9,-9,-9,-9,-9,-9
4_179606232,86,4,179606232,5.7939259,stepwise,4_1796,0.867405064,0.013530412,4_17960623,-9,-9,-9,-9,-9,-9
4_179614951,87,4,179614951,0.0669,bayes,4_1796,0.863157728,0.008881571,4_17961495,-9,-9,-9,-9,-9,-9
4_179761734,88,4,179761734,0.0917,bayes,4_1798,1.199154554,0.020502731,4_17976173,-9,-9,-9,-9,-9,-9
4_179790632,89,4,179790632,0.1915,bayes,4_1798,0.63689988,0.006455492,4_17979063,-9,-9,-9,-9,-9,-9
4_179790733,90,4,179790733,0.0692,bayes,4_1798,0.590597161,0.004413472,4_17979073,-9,-9,-9,-9,-9,-9
4_179792165,91,4,179792165,5.95268545,stepwise,4_1798,1.140897364,0.019553554,4_17979216,0,1,-9,-9,1,1
4_197617071,92,4,197617071,0.1277,bayes,4_19761707,1.6046215,0.061067531,4_19761707,0,1,0,1,1,1
4_198426700,93,4,198426700,0.4898,bayes,4_1984,1.212150271,0.078921756,4_19842670,-9,1,0,1,1,1
4_198471018,94,4,198471018,0.1745,bayes,4_1985,1.668106735,0.0539228,4_19847102,-9,-9,1,1,1,1
4_198490330,95,4,198490330,8.21300383,stepwise,4_1985,1.64046767,0.030838284,4_19849033,-9,-9,-9,-9,-9,-9
4_198999400,96,4,198999400,0.6637,bayes,4_19899940,1.8852288,0.057210792,4_19899940,0,0,0,0,1,-9
4_198999779,97,4,198999779,148.5705225,snptest,4_1990,1.099925192,0.082128431,4_19899978,-9,-9,-9,-9,-9,-9
4_199073074,98,4,199073074,148.7756869,snptest,4_1991,1.100570716,0.082226311,4_19907307,-9,-9,-9,-9,-9,-9
4_199076568,99,4,199076568,148.7756869,snptest,4_1991,1.100570716,0.082226311,4_19907657,-9,-9,0,0,1,-9
4_199077448,100,4,199077448,148.7756869,snptest,4_1991,1.100570716,0.082226311,4_19907745,-9,-9,-9,-9,-9,-9
4_199078546,101,4,199078546,9.73980148,stepwise,4_1991,1.399951803,0.085236169,4_19907855,-9,-9,-9,-9,-9,-9
4_199079132,102,4,199079132,148.7756869,snptest,4_1991,1.100570716,0.082226311,4_19907913,-9,-9,-9,-9,-9,-9
4_199082836,103,4,199082836,148.7756869,snptest,4_1991,1.100570716,0.082226311,4_19908284,-9,-9,-9,-9,-9,-9
4_199278901,104,4,199278901,147.9626004,snptest,4_1993,1.096685265,0.081638559,4_19927890,0,0,1,1,1,1
4_200186670,105,4,200186670,147.1248738,snptest,4_2002,1.166128185,0.085796806,4_20018667,0,0,1,1,1,1
4_200188747,106,4,200188747,147.1248738,snptest,4_2002,1.166128185,0.085796806,4_20018875,0,1,1,1,1,1
4_200188840,107,4,200188840,147.1248738,snptest,4_2002,1.166128185,0.085796806,4_20018884,-9,-9,-9,-9,-9,-9
4_200191570,108,4,200191570,0.1138,bayes,4_2002,1.639319814,0.077476099,4_20019157,-9,-9,-9,-9,-9,-9
4_200203564,109,4,200203564,0.295,bayes,4_2002,1.373365113,0.054745104,4_20020356,-9,-9,-9,-9,-9,-9
4_228447998,110,4,228447998,121.8667819,snptest,4_2284,0.971671934,0.063780406,4_22844800,-9,-9,0,0,1,-9
4_228622417,111,4,228622417,121.0331459,snptest,4_2286,0.970068923,0.063576012,4_22862242,-9,-9,-9,-9,-9,-9
4_228628647,112,4,228628647,122.1785938,snptest,4_2286,0.974226679,0.064121202,4_22862865,1,0,0,1,1,1
4_228646766,113,4,228646766,0.0216,bayes,4_2286,1.349579585,0.052974417,4_22864677,-9,-9,-9,-9,-9,-9
4_228653398,114,4,228653398,0.0228,bayes,4_2287,1.699083364,0.048922268,4_22865340,-9,-9,-9,-9,-9,-9
4_228662791,115,4,228662791,122.5142542,snptest,4_2287,0.976265898,0.064369549,4_22866279,0,0,0,1,1,1
4_228847332,116,4,228847332,122.0195051,snptest,4_2288,0.975475741,0.064264108,4_22884733,0,0,1,1,1,1
4_228848859,117,4,228848859,0.0212,bayes,4_2288,1.057875216,0.022754005,4_22884886,-9,-9,-9,-9,-9,-9
4_229000838,118,4,229000838,0.0905,bayes,4_2290,1.666369902,0.048478537,4_22900084,-9,-9,-9,-9,-9,-9
4_229029859,119,4,229029859,120.7676648,snptest,4_2290,1.06813772,0.069106447,4_22902986,0,-9,-9,-9,1,-9
4_229031964,120,4,229031964,121.3330833,snptest,4_2290,1.036884043,0.067463793,4_22903196,0,0,1,1,1,1
4_229033656,121,4,229033656,122.1954491,snptest,4_2290,0.974983397,0.064182603,4_22903366,0,1,0,1,1,1
4_229034519,122,4,229034519,120.7676648,snptest,4_2290,1.06813772,0.069106447,4_22903452,0,0,1,1,1,1
4_229900055,123,4,229900055,120.7895803,snptest,4_2299,0.971480281,0.063752135,4_22990006,0,0,1,1,1,1
4_232926192,124,4,232926192,108.4304695,snptest,4_2329,0.984170432,0.060893077,4_23292619,0,0,0,1,1,1
4_232943199,125,4,232943199,108.0835295,snptest,4_2329,0.918323308,0.057047036,4_23294320,0,0,1,1,1,1
4_232943203,126,4,232943203,108.0835295,snptest,4_2329,0.918323308,0.057047036,4_23294320,0,0,1,1,1,1
4_233002861,127,4,233002861,108.0258534,snptest,4_2330,0.917656169,0.05696954,4_23300286,-9,-9,-9,-9,-9,-9
4_233222027,128,4,233222027,108.2229659,snptest,4_2332,0.921378885,0.057448413,4_23322203,-9,-9,-9,-9,-9,-9
4_233222931,129,4,233222931,108.2229659,snptest,4_2332,0.921378885,0.057448413,4_23322293,0,1,0,1,1,1
4_233254296,130,4,233254296,108.2229659,snptest,4_2333,0.921378885,0.057448413,4_23325430,0,0,0,0,1,-9
4_233443376,131,4,233443376,107.7145817,snptest,4_2334,0.922991218,0.05772861,4_23344338,0,0,1,1,1,1
4_233760445,132,4,233760445,107.6763313,snptest,4_2338,0.922920032,0.05771277,4_23376044,-9,-9,-9,-9,-9,-9
4_233853010,133,4,233853010,107.6711508,snptest,4_2339,0.923693893,0.057832384,4_23385301,-9,-9,-9,-9,-9,-9
4_235604701,134,4,235604701,9.94988341,stepwise,4_2356,1.889284014,0.047684108,4_23560470,-9,-9,-9,-9,-9,-9
4_236080691,135,4,236080691,0.0488,bayes,4_2361,0.903448065,0.013335445,4_23608069,0,0,0,0,1,-9
4_236091061,136,4,236091061,0.2258,bayes,4_2361,1.024714036,0.055694206,4_23609106,0,0,0,1,1,1
4_236097278,137,4,236097278,5.33841945,stepwise,4_2361,1.514964503,0.034168987,4_23609728,-9,-9,-9,-9,-9,-9
4_236097864,138,4,236097864,0.2161,bayes,4_2361,1.355380655,0.049185585,4_23609786,-9,-9,-9,-9,-9,-9
4_236387000,139,4,236387000,0.2494,bayes,4_2364,1.051968137,0.044992842,4_23638700,0,0,0,0,1,-9
4_33075579,84,4,33075579,10.8300149,stepwise,4_331,1.053420961,0.016323812,4_3307558,-9,-9,1,0,1,1
4_41355316,85,4,41355316,0.1122,bayes,4_4135532,0.6887327,0.002791067,4_4135532,-9,1,-9,-9,1,1
4_5964871,79,4,5964871,12.61952021,snptest,4_60,0.388916025,0.009820943,4_596487,1,0,0,1,1,1
4_5974740,80,4,5974740,0.0231,bayes,4_60,0.707046738,0.008189133,4_597474,-9,-9,-9,-9,-9,-9
4_5976338,81,4,5976338,0.3102,bayes,4_60,0.98183979,0.009445624,4_597634,-9,-9,-9,-9,-9,-9
4_7480416,82,4,7480416,5.12950849,stepwise,4_75,0.91928928,0.007272379,4_748042,-9,0,-9,-9,1,-9
4_7488177,83,4,7488177,0.0922,bayes,4_75,0.948577227,0.009577976,4_748818,-9,-9,-9,-9,-9,-9
5_149155149,157,5,149155149,7.73767736,stepwise,5_1492,0.562481656,0.008301924,5_14915515,-9,-9,-9,-9,-9,-9
5_15322714,140,5,15322714,7.89399087,stepwise,5_153,0.439115152,0.003863552,5_1532271,-9,-9,-9,-9,-9,-9
5_16418530,141,5,16418530,0.3112,bayes,5_164,0.69524493,0.00839093,5_1641853,-9,-9,0,0,1,-9
5_16420194,142,5,16420194,0.2367,bayes,5_164,0.704290297,0.005993788,5_1642019,-9,-9,-9,-9,-9,-9
5_166858167,158,5,166858167,0.4541,bayes,5_1669,-0.003461481,8.27e-07,5_16685817,-9,-9,-9,-9,-9,-9
5_166892345,159,5,166892345,4.07219203,stepwise,5_1669,0.381981075,0.002419955,5_16689234,0,-9,0,0,1,-9
5_167659027,160,5,167659027,57.92210058,snptest,5_1677,0.772462038,0.006809567,5_16765903,-9,-9,-9,-9,-9,-9
5_167671178,161,5,167671178,5.82792107,stepwise,5_1677,0.810130019,0.004642598,5_16767118,-9,-9,0,0,1,-9
5_18628601,143,5,18628601,2.21458847,stepwise,5_186,1.002130628,0.015572227,5_1862860,-9,-9,-9,-9,-9,-9
5_18633669,144,5,18633669,27.92762336,snptest,5_186,0.49285059,0.015830807,5_1863367,-9,-9,0,0,1,-9
5_18633670,145,5,18633670,27.92762336,snptest,5_186,0.49285059,0.015830807,5_1863367,-9,-9,0,0,1,-9
5_19050196,146,5,19050196,27.97046756,snptest,5_191,0.4755935,0.015162033,5_1905020,0,0,1,1,1,1
5_19131028,147,5,19131028,0.0608,bayes,5_191,0.894869466,0.006026488,5_1913103,-9,-9,-9,-9,-9,-9
5_19198790,148,5,19198790,5.59405049,stepwise,5_192,0.780122066,0.009141746,5_1919879,-9,-9,-9,-9,-9,-9
5_19237019,149,5,19237019,0.0474,bayes,5_192,1.05877566,0.01309186,5_1923702,-9,-9,-9,-9,-9,-9
5_206887315,162,5,206887315,7.09005608,stepwise,5_2069,0.139772161,0.000250972,5_20688732,-9,-9,-9,-9,-9,-9
5_206887599,163,5,206887599,0.1265,bayes,5_2069,0.064963472,9.05e-05,5_20688760,-9,-9,-9,-9,-9,-9
5_207729392,164,5,207729392,0.07,bayes,5_2077,-0.143255868,0.000288789,5_20772939,-9,0,-9,-9,1,-9
5_207729685,165,5,207729685,7.65483354,stepwise,5_2077,-0.175602331,0.000370625,5_20772968,-9,-9,-9,-9,-9,-9
5_207732263,166,5,207732263,0.0911,bayes,5_2077,-0.203422649,0.000653738,5_20773226,-9,0,0,0,1,-9
5_212351905,167,5,212351905,8.72942448,stepwise,5_2124,-0.636528012,0.004162432,5_21235190,-9,-9,-9,-9,-9,-9
5_212352078,168,5,212352078,0.3097,bayes,5_2124,-0.490513839,0.003274156,5_21235208,-9,-9,-9,-9,-9,-9
5_23184913,150,5,23184913,134.8965084,snptest,5_232,0.513081969,0.002963169,5_2318491,-9,-9,-9,-9,-9,-9
5_50086739,151,5,50086739,30.3201112,snptest,5_501,0.540450506,0.018261469,5_5008674,0,1,1,1,1,1
5_50088075,152,5,50088075,30.3201112,snptest,5_501,0.540450506,0.018261469,5_5008808,-9,-9,-9,-9,-9,-9
5_50088542,153,5,50088542,30.3201112,snptest,5_501,0.540450506,0.018261469,5_5008854,-9,-9,-9,-9,-9,-9
5_50122418,154,5,50122418,3.2642929,stepwise,5_501,0.841297707,0.012290627,5_5012242,-9,-9,-9,-9,-9,-9
5_57250790,155,5,57250790,8.4206667,stepwise,5_573,-0.014148498,1.37e-06,5_5725079,-9,-9,-9,-9,-9,-9
5_94095865,156,5,94095865,0.1795,bayes,5_9409586,0.7383118,0.016310655,5_9409586,-9,1,0,0,1,1
6_154785052,169,6,154785052,7.37755033,stepwise,6_1548,0.472527684,0.002531639,6_15478505,0,0,1,1,1,1
6_158863400,170,6,158863400,0.4312,bayes,6_1589,-0.395162898,0.00267105,6_15886340,-9,-9,-9,-9,-9,-9
7_118228658,177,7,118228658,8.50578018,stepwise,7_1182,-0.395154636,0.001899749,7_11822866,-9,-9,-9,-9,-9,-9
7_138758449,178,7,138758449,0.2574,bayes,7_1388,-0.344223034,0.003377154,7_13875845,-9,-9,-9,-9,-9,-9
7_162950028,179,7,162950028,0.1549,bayes,7_1630,0.29000839,0.002208967,7_16295003,0,0,0,0,1,-9
7_162950288,180,7,162950288,0.0572,bayes,7_1630,0.280291833,0.00218281,7_16295029,-9,-9,-9,-9,-9,-9
7_162960897,181,7,162960897,6.52642359,stepwise,7_1630,0.383970991,0.001872171,7_16296090,-9,-9,-9,-9,-9,-9
7_162981507,182,7,162981507,0.0975,bayes,7_1630,0.379231635,0.002940849,7_16298151,-9,-9,-9,-9,-9,-9
7_17695966,171,7,17695966,0.0371,bayes,7_177,-0.505449367,0.007707103,7_1769597,-9,-9,-9,-9,-9,-9
7_17696158,172,7,17696158,7.21287682,stepwise,7_177,-0.668128335,0.010449736,7_1769616,-9,-9,-9,-9,-9,-9
7_21150976,173,7,21150976,9.613142308,snptest,7_212,-0.331558108,0.006701074,7_2115098,-9,-9,-9,-9,-9,-9
7_21151002,174,7,21151002,9.613142308,snptest,7_212,-0.331558108,0.006701074,7_2115100,-9,-9,-9,-9,-9,-9
7_21151167,175,7,21151167,9.613142308,snptest,7_212,-0.331558108,0.006701074,7_2115117,-9,-9,-9,-9,-9,-9
7_21199251,176,7,21199251,0.0583,bayes,7_212,-0.337294155,0.006249849,7_2119925,-9,-9,-9,-9,-9,-9
8_124937344,188,8,124937344,7.90162117,stepwise,8_1249,0.592157221,0.004540062,8_12493734,-9,-9,1,1,1,1
8_151255307,189,8,151255307,96.01296962,snptest,8_1513,-0.083572183,6.86e-05,8_15125531,-9,-9,-9,-9,-9,-9
8_154993136,190,8,154993136,120.335698,snptest,8_1550,-0.114891588,0.000146982,8_15499314,-9,-9,-9,-9,-9,-9
8_165169146,191,8,165169146,16.09739952,snptest,8_1652,-0.387658122,0.009698438,8_16516915,0,0,0,0,1,-9
8_165180453,192,8,165180453,4.6032569,stepwise,8_1652,-0.730516567,0.009188242,8_16518045,-9,-9,-9,-9,-9,-9
8_167561571,193,8,167561571,16.20082548,snptest,8_1676,-0.380040876,0.009351051,8_16756157,0,0,0,0,1,-9
8_167613440,194,8,167613440,0.0259,bayes,8_1676,-0.696172379,0.010088001,8_16761344,-9,-9,-9,-9,-9,-9
8_167756476,195,8,167756476,16.92149857,snptest,8_1678,-0.412148854,0.010357141,8_16775648,0,0,0,0,1,-9
8_167758219,196,8,167758219,0.034,bayes,8_1678,-0.711458141,0.011610214,8_16775822,-9,-9,-9,-9,-9,-9
8_167780775,197,8,167780775,0.0291,bayes,8_1678,-0.426845115,0.010564813,8_16778078,-9,-9,-9,-9,-9,-9
8_168020350,198,8,168020350,16.48509529,snptest,8_1680,-0.411402688,0.010806192,8_16802035,-9,-9,-9,-9,-9,-9
8_168023686,199,8,168023686,0.0347,bayes,8_1680,-0.466453007,0.012326555,8_16802369,0,0,0,0,1,-9
8_173171425,200,8,173171425,3.80243201,stepwise,8_1732,-0.506768194,0.002932026,8_17317142,-9,-9,-9,-9,-9,-9
8_173176795,201,8,173176795,0.0541,bayes,8_1732,-0.45148576,0.004134653,8_17317680,-9,-9,-9,-9,-9,-9
8_173180987,202,8,173180987,0.0559,bayes,8_1732,-0.439433183,0.004646849,8_17318099,-9,-9,-9,-9,-9,-9
8_19657455,184,8,19657455,0.1027,bayes,8_197,-0.358293208,0.002262738,8_1965746,0,1,0,0,1,1
8_19673483,185,8,19673483,5.83463307,stepwise,8_197,-0.402803902,0.002299193,8_1967348,-9,-9,-9,-9,-9,-9
8_26275,183,8,26275,5.55354832,stepwise,8_0,0.355482941,0.00150667,8_2628,-9,-9,-9,-9,-9,-9
8_36684547,186,8,36684547,7.71472886,stepwise,8_367,0.192303811,0.000398817,8_3668455,-9,-9,-9,-9,-9,-9
8_73919477,187,8,73919477,7.83134604,stepwise,8_739,-0.400129344,0.002486393,8_7391948,-9,-9,-9,-9,-9,-9
9_140994782,212,9,140994782,9.10216804,stepwise,9_1410,0.496082335,0.003665209,9_14099478,-9,-9,-9,-9,-9,-9
9_148646606,213,9,148646606,0.5209,bayes,9_1486,-0.302674059,0.002126782,9_14864661,0,0,0,0,1,-9
9_154100781,214,9,154100781,87.88016271,snptest,9_1541,0.187062576,0.000943938,9_15410078,-9,-9,-9,-9,-9,-9
9_154100783,215,9,154100783,87.88016271,snptest,9_1541,0.187062576,0.000943938,9_15410078,-9,-9,-9,-9,-9,-9
9_18607818,207,9,18607818,0.0747,bayes,9_186,-0.228593483,0.000793942,9_1860782,-9,-9,-9,-9,-9,-9
9_18628761,208,9,18628761,4.43415029,stepwise,9_186,-0.169074359,0.00039317,9_1862876,-9,-9,-9,-9,-9,-9
9_5028060,203,9,5028060,4.21513234,stepwise,9_50,0.675527802,0.005800581,9_502806,-9,-9,-9,-9,-9,-9
9_5028491,204,9,5028491,0.658,bayes,9_50,0.636364448,0.008200848,9_502849,-9,-9,-9,-9,-9,-9
9_5028525,205,9,5028525,0.0266,bayes,9_50,0.560569016,0.008148301,9_502852,-9,-9,-9,-9,-9,-9
9_5042680,206,9,5042680,0.0475,bayes,9_50,0.619577062,0.008200669,9_504268,-9,-9,-9,-9,-9,-9
9_53605430,209,9,53605430,7.71665283,stepwise,9_536,0.446558122,0.001945582,9_5360543,-9,-9,-9,-9,-9,-9
9_99293471,210,9,99293471,0.6339,bayes,9_993,-0.099745639,0.000455622,9_9929347,-9,-9,-9,-9,-9,-9
9_99358245,211,9,99358245,9.47208992,stepwise,9_994,-0.218954265,0.000734944,9_9935824,-9,-9,-9,-9,-9,-9
