bin10,chr,pos,Strand,A1,A2,N,effB,se_effB,chi2.1df,P1df,effAB,effBB,chi2.2df,P2df,Pc1df,qval,snpid,plossnpid,ploschr,plospos,effect,p.value,dir
10_13326950,10,133269497,u,1,2,195,-0.57813884785821,0.27990481065206,4.26622326776394,0.0388772481771138,-0.473852337634868,-1.61063394683027,4.60466023688178,0.100025500706193,0.384638362437908,0.168738056324279,10_133269497,10_133269498,10,133269498,-0.328673807,7.87e-14,-0.190019096100152
10_13326950,10,133269498,u,1,2,195,-0.486905478627344,0.282546469538014,2.96967930351645,0.084838671280141,-0.341202090592342,-1.58882113821139,3.59596828480806,0.165632443327856,0.468241549564661,0.257756379757373,10_133269498,10_133269498,10,133269498,-0.328673807,7.87e-14,-0.160033077309606
10_2634906,10,26349056,u,1,2,147,-0.316967609828752,0.130567854985526,5.89328210852929,0.0151987478781601,NA,-0.633935219657488,Inf,0,0.306873958967504,0.108366312738636,10_26349056,10_26349062,10,26349062,0.139621922,5.38e-10,0.0442556268960364
1_1694860,1,16948602,u,1,2,196,-0.564363974001861,0.18162192610813,9.65566104309104,0.00188768953083019,-0.606666666666671,-1.11619047619048,9.66648928312325,0.00796064986153739,0.190901922634802,0.0294301723340564,1_16948602,1_16948602,1,16948602,0.205650731,3.48e-21,0.116061863803548
1_1694860,1,16948600,u,1,2,196,-0.579853862212948,0.186457137397661,9.67117147492251,0.00187181920727016,-0.465447154471548,-1.18878048780488,9.73398284799372,0.00769648595326371,0.190545965567981,0.0294301723340564,1_16948600,1_16948602,1,16948602,0.205650731,3.48e-21,0.119247370637266
1_27098161,1,270981614,u,1,2,189,0.156919999999998,0.200274879885687,0.613908489389082,0.433319978653836,0.137333333333331,0.328476190476191,0.618492719602837,0.733999919675597,0.741556884835111,0.746956227978933,1_270981614,1_270981614,1,270981614,0.161139274,7.92e-13,-0.0252859748760796
1_3044883,1,30448834,u,1,2,194,-0.621067956117106,0.166050266643484,13.989400069178,0.000183844158937804,-0.890591397849459,-1.18760162601626,15.5226282685029,0.000425896527559306,0.115417457753538,0.0157709450069195,1_30448834,1_30448826,1,30448826,-0.141894555,1.34e-08,-0.0881261612579962
1_5176166,1,51761662,u,1,2,191,-0.250369201852731,0.1301403484132,3.70116016706739,0.054374647693183,-0.1955938697318,-0.497091454272862,3.7182671151618,0.155807570188792,0.418076680865712,0.196195506675885,1_51761662,1_51761662,1,51761662,-0.119776142,1.05e-11,-0.0299882570735393
2_22900919,2,229009187,u,1,2,167,-0.231299040976466,0.16503034746215,1.96435526877717,0.161048295238339,-0.976642335766417,-0.452504404731934,2.177148947364,0.336696120946462,0.555239160784397,0.398392214928422,2_229009187,2_229009187,2,229009187,0.163016228,5.61e-17,0.0377054972000009
2_4882325,2,48823247,u,1,2,196,-0.621767044617887,0.125276580588278,24.6329041697543,6.9357308889232e-07,-0.718181818181819,-1.24015364916774,24.6817574052488,4.3694268956187e-06,0.0367042171780399,0.00050017226515544,2_48823247,2_48823247,2,48823247,-0.195734846,1.92e-21,-0.121701476726157
2_6394218,2,63942178,u,1,2,184,-0.24499246328041,0.129204760397297,3.59540997211206,0.0579393359143412,-0.103913978494619,-0.496823069403709,3.76898869042361,0.15190585193393,0.424806460896273,0.196195506675885,2_63942178,2_63942178,2,63942178,-0.149917969,5.28e-11,-0.0367287725153062
3_16589477,3,165894773,u,1,2,178,0.0573985680190828,0.156519518741952,0.134482293697894,0.713829172915495,0.160095238095236,0.0831111111111138,0.287137554660743,0.866261219004304,0.877329670494084,0.925006411472765,3_165894773,3_165894770,3,165894770,-0.188176445,2.69e-20,0.0108010584779217
4_20019006,4,200190059,u,1,2,194,-0.770699507389169,0.161523710629508,22.7665695773462,1.82920142685418e-06,-0.828778601353532,-1.50808894618112,22.8391208098717,1.09786244782449e-05,0.0446070321393207,0.00050017226515544,4_200190059,4_200190059,4,200190059,-0.330718723,5.97e-59,-0.254884756900475
4_537893,4,5378934,u,1,2,196,-0.163539657853816,0.182073301581768,0.806777234234265,0.369074781026175,0.076036866359436,-0.429677419354849,1.31087766187014,0.519214165348846,0.705382907848074,0.682460763731833,4_5378934,4_5378934,4,5378934,-0.123241204,2.4e-09,-0.0201548243356523
4_6794052,4,67940521,u,1,2,111,0.111893203883496,0.294277434458942,0.144575098341491,0.703774452267671,NA,0.22378640776699,0.142857142857143,0.705456986111273,0.872847551953744,0.925006411472765,4_67940521,4_67940518,4,67940518,-0.175897279,2.75e-15,0.0196817101016992
5_1546395,5,15463951,u,1,2,196,-0.167492527194854,0.128146785337315,1.70834444091783,0.191200311786635,0.122881355932211,-0.350134517083664,2.15713221567327,0.340082818286935,0.582220551203285,0.430299055589778,5_15463951,5_15463951,5,15463951,-0.200569815,2.19e-14,-0.0335939451933544
5_21305900,5,213059005,u,1,2,196,-0.388123415046501,0.126838287638852,9.36351579702075,0.00221347159734075,-0.245959595959594,-0.78288770053476,9.49008727690322,0.00869468257503182,0.197753871791833,0.0294301723340564,5_213059005,5_213059003,5,213059003,0.402422246,7.69e-15,0.156189496408203
5_21305900,5,213058999,u,1,2,196,-0.53571428571429,0.248580687224553,4.64442214092102,0.0311546245083727,-0.870365168539337,-0.947865168539334,5.02620152656513,0.0810166359513273,0.364354575070591,0.151446091360145,5_213058999,5_213059003,5,213059003,0.402422246,7.69e-15,0.21558334607143
5_21326017,5,213260167,u,1,2,196,-0.380837445790347,0.126247008048012,9.09991003074164,0.00255622068272947,-0.338666666666663,-0.761111111111106,9.11398140250413,0.01049358982343,0.204185097021865,0.0294301723340564,5_213260167,5_213260166,5,213260166,0.269154819,2.4e-15,0.102504233790123
5_21326017,5,213260166,u,1,2,196,-0.395276796230866,0.125267357885679,9.95696101767778,0.00160242347177175,-0.357070707070699,-0.789964157706086,9.96727994399174,0.00684908664567521,0.184123502423231,0.0294301723340564,5_213260166,5_213260166,5,213260166,0.269154819,2.4e-15,0.106390654544419
5_6151617,5,61516168,u,1,2,182,-0.47885714285715,0.178826794824797,7.17045566124103,0.00741139475598052,-0.795663265306123,-0.711309523809527,9.17337218117584,0.0101865598372495,0.259700580504115,0.0640807352913336,5_61516168,5_61516168,5,61516168,-0.23352524,1.96e-18,-0.11182522921143
5_661858,5,6618580,u,1,2,114,0.143981481481483,0.359279919925995,0.160600682009258,0.688604084682856,NA,0.287962962962965,0.214285714285714,0.64342884356362,0.86604870880493,0.925006411472765,5_6618580,5_6618581,5,6618581,0.222225386,9.26e-10,-0.0319963402990743
5_668348,5,6683485,u,1,2,196,-0.228216438759011,0.161612423716742,1.99408818909911,0.157914078875136,-0.0919137466307411,-0.469056603773593,2.04305734742546,0.360044129279423,0.552260982448232,0.398392214928422,5_6683485,5_6683485,5,6683485,-0.20931621,1.71e-10,-0.0477694000207332
5_7713107,5,77131074,u,1,2,146,-0.361169172302031,0.150871176046894,5.73071481181293,0.0166706955970298,-0.0488888888888894,-0.710591016548474,5.95349094719314,0.0509584097732521,0.313640993266419,0.108366312738636,5_77131074,5_77131074,5,77131074,-0.17243251,4.34e-21,-0.0622773069146616
5_933202,5,9332024,u,1,2,189,0.0516472868217024,0.1525080955925,0.114685688866566,0.734871335201375,0.155130554283089,0.0686440677966065,0.264618192998748,0.876070163004316,0.886651778676789,0.925006411472765,5_9332024,5_9332023,5,9332023,-0.224374655,2.55e-10,0.0115883421623055
6_8968682,6,89686818,u,1,2,124,-0.0309553304670899,0.160513581731404,0.0371918102891142,0.847075047485981,0.675944055944059,-0.081442307692301,1.83913005151659,0.398692424308099,0.935304253993279,0.93584680119979,6_89686818,6_89686818,6,89686818,-0.115667611,6e-08,-0.0035805291228438
7_12270137,7,122701373,u,1,2,196,-0.272085918854421,0.225550992476204,1.4551998729711,0.22769541811129,-0.714123376623382,-0.436101398601405,2.0087579473956,0.366272028751511,0.611628579704598,0.468784684346774,7_122701373,7_122701373,7,122701373,0.249988303,4.15e-10,0.0680182971246123
7_14507728,7,145077284,u,1,2,194,-0.0201627256547209,0.181917678341617,0.0122842507299743,0.911747714410924,NA,-0.0403254513094335,0.0078125,0.929568022277613,0.962791203726148,0.956982827194176,7_145077284,7_145077282,7,145077282,0.297421955,1.81e-12,0.00599683728235573
7_14507728,7,145077283,u,1,2,194,-0.0269961200735253,0.326063226496905,0.00685486740927648,0.934015239341516,0.103285714285708,-1.56071428571429,1.00501610980229,0.605011353566872,0.972200279947589,0.956982827194176,7_145077283,7_145077282,7,145077282,0.297421955,1.81e-12,0.00802923880968265
7_16466158,7,164661579,u,1,2,177,-0.489305931577665,0.141091746526314,12.0270119374611,0.000524350682002891,0.317911714770796,-0.941726015919565,18.7817089613516,8.34840902094344e-05,0.144368853047072,0.0249351547148114,7_164661579,7_164661579,7,164661579,-0.11894093,5.04e-13,-0.0581985025563639
8_16802031,8,168020311,u,1,2,194,0.0406678082191731,0.137579227879381,0.0873767321258569,0.767538968631773,NA,0.0813356164383539,Inf,0,0.900983548253814,0.925006411472765,8_168020311,8_168020311,8,168020311,0.16003353,1.38e-24,-0.00650821290667728
8_16919215,8,169192148,u,1,2,105,-0.567074663402689,0.410890534164565,1.90470716101641,0.167552382964182,-0.691587301587305,-0.334444444444449,2.22750526991008,0.328324564167197,0.561306536557487,0.398392214928422,8_169192148,8_169192148,8,169192148,0.153527076,4.83e-17,0.087061314945899
9_13994875,9,139948749,u,1,2,195,-0.402267396403452,0.125885513067858,10.2112324036989,0.00139587863059518,-0.726714285714282,-0.793702702702703,10.9638482527467,0.00416131509370149,0.178619709222864,0.0294301723340564,9_139948749,9_139948749,9,139948749,-0.191799498,9.52e-22,-0.0771546846919492
9_649130,9,6491295,u,1,2,104,-0.404485823106218,0.177969291690427,5.16554875707118,0.0230391778598212,-0.0110526315789432,-0.79426691729323,5.6318685551089,0.0598487772424997,0.3387507434565,0.126311282126213,9_6491295,9_6491295,9,6491295,-0.173442012,3.12e-24,-0.0701548349850185
9_649162,9,6491625,u,1,2,196,-0.238339196499848,0.12551337754957,3.60587700230193,0.057575693470186,-0.186908743430477,-0.477311712677565,3.62586477456336,0.163174942428472,0.424133154753814,0.196195506675885,9_6491625,9_6491625,9,6491625,-0.182023038,1.5e-28,-0.0433832246213813
