snpid,chr,pos,bayes,Type,bin10,bsle,xbsa,elite2,elite1,genotyped,cvd
9_5015094,9,5015094,0,Control,9_501509,0,0,0,0,1,-9
10_14886133,10,14886133,1e-04,Control,10_1488613,0,0,-9,-9,1,-9
3_170120358,3,170120358,1e-04,Control,3_17012036,-9,-9,0,0,1,-9
4_4213632,4,4213632,4e-04,Control,4_421363,0,0,0,0,1,-9
5_106256257,5,106256257,1e-04,Control,5_10625626,0,0,0,0,1,-9
8_113632931,8,113632931,0.0024,Control,8_11363293,-9,0,0,0,1,-9
8_1831104,8,1831104,1e-04,Control,8_183110,1,1,0,0,1,1
9_154391013,9,154391013,0,Control,9_15439101,-9,-9,0,0,1,-9
9_5015087,9,5015087,0,Control,9_501509,0,0,0,0,1,-9
7_131737144,7,131737144,1e-04,Control,7_13173714,-9,-9,-9,-9,-9,-9
7_87402810,7,87402810,1e-04,Control,7_8740281,-9,-9,-9,-9,-9,-9
7_20957475,7,20957475,1e-04,Control,7_2095748,-9,-9,-9,-9,-9,-9
1_19731446,1,19731446,0,Control,1_1973145,-9,-9,-9,-9,-9,-9
1_294298290,1,294298290,2e-04,Control,1_29429829,-9,-9,-9,-9,-9,-9
1_60766559,1,60766559,0.0013,Control,1_6076656,-9,-9,-9,-9,-9,-9
2_206535492,2,206535492,0,Control,2_20653549,-9,-9,-9,-9,-9,-9
2_218605116,2,218605116,2e-04,Control,2_21860512,-9,-9,-9,-9,-9,-9
5_203322207,5,203322207,2e-04,Control,5_20332221,-9,-9,-9,-9,-9,-9
6_150832119,6,150832119,0,Control,6_15083212,-9,-9,-9,-9,-9,-9
6_151731858,6,151731858,0,Control,6_15173186,-9,-9,-9,-9,-9,-9
