snpid,type,chr,pos,elite1,elite2,xbsa,bsle,genotyped,cvd,elite1_qval,elite1_doe,elite2_qval,elite2_doe,xbsa_qval,xbsa_doe,bsle_qval,bsle_doe
10_133269498,PLoS KAV,10,133269498,0,0,0,-9,1,-9,0.0771373971768131,-0.190019096100152,0.168738056324279,-0.190019096100152,0.938941405095026,0.0147508925778127,NA,NA
10_137881930,KAV,10,137881930,0,0,-9,-9,1,-9,0.824,-0.105861967,0.88635624,-0.105861967,NA,NA,NA,NA
10_137903044,KAV,10,137903044,0,0,0,0,1,-9,0.315,0.256925298,0.056804834,0.256925298,0.134,0.66694534,0.395,0.084131551
10_138019385,KAV,10,138019385,1,0,-9,0,1,1,0.0187,0.442445392,0.074562867,0.442445392,NA,NA,0.0754,0.172075419
10_139310781,KAV,10,139310781,1,0,0,-9,1,1,0.0397,0.253839336,0.357331467,0.253839336,0.0615,0.4634334,NA,NA
10_14886133,Control,10,14886133,-9,-9,0,0,1,-9,NA,NA,NA,NA,0.176737618737151,0,0.809171918769433,0
10_26349062,PLoS KAV,10,26349062,1,0,0,0,1,1,0.0387723160157144,0.0442556268960364,0.108366312738636,0.0442556268960364,0.0806227296359017,-0.0695077588682564,0.676132811245216,-0.155864452247437
10_9360960,KAV,10,9360960,1,1,-9,-9,1,1,0.00259,0.718721215,0.002509072,0.756134136,NA,NA,NA,NA
10_9362813,KAV,10,9362813,-9,-9,0,-9,1,-9,NA,NA,NA,NA,0.0429,0,NA,NA
1_16948602,PLoS KAV,1,16948602,1,1,-9,-9,1,1,0.00694003503981688,0.116061863803548,0.0294301723340564,0.116061863803548,NA,NA,NA,NA
1_202396432,KAV,1,202396432,-9,-9,1,0,1,1,NA,NA,NA,NA,7.69e-07,3.27865723,0.0754,-0.213993546
1_203086382,KAV,1,203086382,0,-9,0,-9,1,-9,0.672,-0.207245572,NA,NA,0.555,0.74319337,NA,NA
1_270981614,PLoS KAV,1,270981614,0,0,0,0,1,-9,0.576223375869463,-0.0252859748760796,0.746956227978933,-0.0252859748760796,0.722048731785093,-0.0291446678878368,0.0257144137075964,-0.331896158072459
1_27193154,KAV,1,27193154,0,0,-9,-9,1,-9,0.381,-0.160898578,0.337618702,-0.160898578,NA,NA,NA,NA
1_298276980,KAV,1,298276980,0,0,-9,-9,1,-9,0.873,-0.034092501,0.769646768,-0.034092501,NA,NA,NA,NA
1_30448826,PLoS KAV,1,30448826,0,0,0,0,1,-9,0.00135179528630738,-0.0881261612579962,0.0157709450069195,-0.0881261612579962,0.147486405793215,-0.118967437773641,0.073105936086913,0.295776452965379
1_34263565,KAV,1,34263565,0,0,-9,0,1,-9,0.886,-0.034925315,0.826387861,-0.034925315,NA,NA,0.504,-0.053139953
1_51761662,PLoS KAV,1,51761662,0,0,0,1,1,1,0.102982287297695,-0.0299882570735393,0.196195506675885,-0.0299882570735393,3.3592895346364e-07,-0.21236552617035,0.0257144137075964,0.0686793493225052
2_16873627,KAV,2,16873627,0,0,0,0,1,-9,0.817,0.103720595,0.715360896,0.103720595,0.904,0.02629477,0.195,-0.101004066
2_17574448,KAV,2,17574448,0,0,0,0,1,-9,0.87,-0.039980482,0.624486635,-0.039980482,0.158,0.42235884,0.645,0.051101772
2_214659117,KAV,2,214659117,0,0,-9,-9,1,-9,0.475,0.096389584,0.589276793,0.096389584,NA,NA,NA,NA
2_225537282,PLoS KAV,2,225537282,-9,-9,-9,0,1,-9,NA,NA,NA,NA,NA,NA,0.972950729565617,-0.1671733785887
2_229009187,PLoS KAV,2,229009187,0,0,0,-9,1,-9,0.254823251959397,0.0377054972000009,0.398392214928422,0.0377054972000009,0.476985756356714,0.0969854687717596,NA,NA
2_48823247,PLoS KAV,2,48823247,0,0,0,1,1,1,1.44494393519233e-05,-0.121701476726157,0.00050017226515544,-0.121701476726157,0.53734464853079,0.0487582432382344,1.96522688404787e-08,1.01007527063708
2_52747025,KAV,2,52747025,1,0,1,1,1,1,0.0427,0.629445556,0.124565201,0.704419019,0.00313,2.05394363,0.00192,0.404032213
2_52833051,KAV,2,52833051,0,0,0,0,1,-9,0.838,0.092510622,0.720468942,0.092510622,0.584,-0.55630255,0.00589,-0.375049507
2_63942178,PLoS KAV,2,63942178,0,0,0,0,1,-9,0.10650613219548,-0.0367287725153062,0.196195506675885,-0.0367287725153062,0.00351401823927133,-0.13954251433817,0.511975314550036,0.187575724013142
3_165894770,PLoS KAV,3,165894770,0,0,0,0,1,-9,0.815474451010902,0.0108010584779217,0.925006411472765,0.0108010584779217,0.0574546900593216,0.176965743641063,0.294187213550777,0.365563669480123
3_166808666,KAV,3,166808666,0,0,-9,-9,1,-9,0.165,0.28213609,0.900504329,0.28213609,NA,NA,NA,NA
3_169044562,KAV,3,169044562,0,0,0,0,1,-9,0.986,-0.025468872,0.667720433,-0.025468872,0.681,-0.26150549,0.547,-0.086117274
3_170120358,Control,3,170120358,0,0,-9,-9,1,-9,0.98445398933035,0,0.98445398933035,0,NA,NA,NA,NA
3_194042011,KAV,3,194042011,1,1,1,0,1,1,2.7e-05,0.625880903,0.002509072,0.625880903,0.00853,0.44721664,0.948,-0.007564506
3_20378172,KAV,3,20378172,0,0,0,1,1,1,0.0901,-0.342070482,0.925980752,0.050190889,0.0611,0.61788805,0.911,-0.032629097
3_20591776,KAV,3,20591776,0,0,0,0,1,-9,0.988,0.007662835,0.826387861,0.007662835,0.892,-0.14843652,0.566,-0.086046275
3_212606824,KAV,3,212606824,1,1,1,1,1,1,1.05e-05,0.566900547,0.002202452,0.566900547,7.51e-06,0.97401992,2.07e-05,0.244757661
3_212612168,KAV,3,212612168,0,0,0,0,1,-9,0.773,0,0.459997471,0,0.562,0,0.911,0
3_217150864,KAV,3,217150864,1,1,-9,-9,1,1,3.31e-07,2.162024104,0.001055558,2.162024104,NA,NA,NA,NA
3_217212780,KAV,3,217212780,1,1,0,1,1,1,0.319,-0.245823757,0.009052578,0.797727148,0.0615,-1.00344117,0.000123,0.267444169
3_227131072,KAV,3,227131072,1,1,-9,-9,1,1,0.00263,1.346541441,0.01642254,1.346541441,NA,NA,NA,NA
4_1223785,KAV,4,1223785,0,0,0,0,1,-9,0.0565,0.258069172,0.563533529,0.258069172,0.298,0.09837631,0.000802,-0.114775597
4_179792165,KAV,4,179792165,-9,-9,1,0,1,1,NA,NA,NA,NA,1.24e-20,8.73369785,0.948,0.007738645
4_197617071,KAV,4,197617071,1,0,1,0,1,1,0.0442,1.871718626,0.059493199,1.871718626,4.57e-08,4.64237471,0.969,-0.024452981
4_198426700,KAV,4,198426700,1,0,1,-9,1,1,0.00652,1.530162508,0.086580392,1.530162508,0.0103,3.82633404,NA,NA
4_198471018,KAV,4,198471018,1,1,-9,-9,1,1,0.000896,3.128309176,0.002509072,3.128309176,NA,NA,NA,NA
4_198999400,KAV,4,198999400,0,0,0,0,1,-9,0.054,1.774561759,0.051788358,1.774561759,0.151,3.20343506,1.32e-06,1.962517119
4_199076568,KAV,4,199076568,0,0,-9,-9,1,-9,0.258,0.717112423,0.222394725,0.717112423,NA,NA,NA,NA
4_199278901,KAV,4,199278901,1,1,0,0,1,1,0.00153,0.976132753,0.015038522,0.976132753,0.592,0.84480455,0.0422,-0.268016421
4_200186670,KAV,4,200186670,1,1,0,0,1,1,0.00075,1.076810956,0.015038522,1.076810956,0.885,0.19892631,0.212,-0.198381676
4_200188747,KAV,4,200188747,1,1,1,0,1,1,0.000155,1.158836914,0.001847871,1.158836914,0.00204,2.16011074,0.958,0.013218411
4_200190059,PLoS KAV,4,200190059,0,0,0,0,1,-9,2.85812722945966e-05,-0.254884756900475,0.00050017226515544,-0.254884756900475,0.0785222816198095,-0.339117413314896,0.951628808949268,0.350977478516793
4_228447998,KAV,4,228447998,0,0,-9,-9,1,-9,0.137,1.184749553,0.185080723,1.184749553,NA,NA,NA,NA
4_228628647,KAV,4,228628647,1,0,0,1,1,1,0.00343,0.951115048,0.065409005,0.951115048,0.151,1.36134972,0.00217,0.508962751
4_228662791,KAV,4,228662791,1,0,0,0,1,1,0.0187,0.801380137,0.088952174,0.801380137,0.114,2.13043142,0.807,0.04647258
4_228847332,KAV,4,228847332,1,1,0,0,1,1,5.91e-06,1.612885105,0.001156064,1.612885105,0.885,-0.30996531,0.428,0.292765116
4_229029859,KAV,4,229029859,-9,-9,-9,0,1,-9,NA,NA,NA,NA,NA,NA,0.0683,0.323995948
4_229031964,KAV,4,229031964,1,1,0,0,1,1,0.00654,0.954349964,0.002017618,0.954349964,0.56,0.52779422,0.00192,-0.315128078
4_229033656,KAV,4,229033656,1,0,1,0,1,1,0.043,0.643624757,0.213224037,0.643624757,0.0148,2.50323092,3.18e-08,-0.804105065
4_229034519,KAV,4,229034519,1,1,0,0,1,1,3.99e-05,1.491964562,0.035121024,1.491964562,0.189,2.46746363,0.119,0.411132254
4_229900055,KAV,4,229900055,1,1,0,0,1,1,0.00127,1.029262679,0.026265709,1.029262679,0.076,-1.86328746,0.807,0.121708332
4_232926192,KAV,4,232926192,1,0,0,0,1,1,0.0183,0.691866317,0.191847163,0.691866317,0.251,0.8143098,4.83e-06,-0.399200492
4_232943199,KAV,4,232943199,1,1,0,0,1,1,0.0019,0.807080767,0.088952174,0.425720684,0.904,0.69870468,0.103,0.404039525
4_232943203,KAV,4,232943203,1,1,0,0,1,1,0.0019,0.807080767,0.088952174,0.425720684,0.904,0.69870468,0.103,0.404039525
4_233222931,KAV,4,233222931,1,0,1,0,1,1,0.00918,0.868673604,0.072351188,0.868673604,0.000923,2.21109437,0.469,-0.146598574
4_233254296,KAV,4,233254296,0,0,0,0,1,-9,0.435,-0.405208444,0.279347391,-0.405208444,0.342,0.47209696,0.301,0.293285464
4_233443376,KAV,4,233443376,1,1,0,0,1,1,0.00632,0.802959881,0.015210998,0.802959881,0.682,0.11323512,0.501,0.177546457
4_234118166,PLoS KAV,4,234118166,-9,-9,0,-9,1,-9,NA,NA,NA,NA,0.0622565245777641,0.304493510964974,NA,NA
4_236080691,KAV,4,236080691,0,0,0,0,1,-9,0.549,0.236194179,0.826387861,0.236194179,0.0805,2.24260057,0.227,0.256661382
4_236091061,KAV,4,236091061,1,0,0,0,1,1,0.0328,1.139112205,0.171123327,1.139112205,0.00853,-2.65863446,0.235,-0.245950735
4_236387000,KAV,4,236387000,0,0,0,0,1,-9,0.786,-0.151614574,0.826387861,-0.151614574,0.271,1.24092239,0.0736,-0.34470562
4_33075579,KAV,4,33075579,0,1,-9,-9,1,1,0.0713,1.286910396,0.041612808,1.286910396,NA,NA,NA,NA
4_41355316,KAV,4,41355316,-9,-9,1,-9,1,1,NA,NA,NA,NA,6.77e-13,3.03228386,NA,NA
4_4213632,Control,4,4213632,0,0,0,0,1,-9,0.0505245128504852,0,0.0505245128504852,0,0.141991378298796,0,0.270855724555241,0
4_5378934,PLoS KAV,4,5378934,0,0,0,1,1,1,0.506970853057933,-0.0201548243356523,0.682460763731833,-0.0201548243356523,0.693967703205839,-0.0265029602371264,0.0219592901657513,0.312869154677842
4_5964871,KAV,4,5964871,1,0,0,1,1,1,0.0149,0.249755606,0.243617871,0.249755606,1.38e-06,-1.42433716,0.000136,0.256715321
4_67940518,PLoS KAV,4,67940518,0,0,-9,-9,1,-9,0.814553764198693,0.0196817101016992,0.925006411472765,0.0196817101016992,NA,NA,NA,NA
4_7480416,KAV,4,7480416,-9,-9,0,-9,1,-9,NA,NA,NA,NA,0.0805,-3.64853641,NA,NA
5_106256257,Control,5,106256257,0,0,0,0,1,-9,0.091466293926961,0,0.091466293926961,0,0.0684638420642819,0,0.758012160239825,0
5_14101544,PLoS KAV,5,14101544,-9,-9,-9,0,1,-9,NA,NA,NA,NA,NA,NA,0.816724517102095,0.150474444200644
5_15463951,PLoS KAV,5,15463951,0,0,0,-9,1,-9,0.295062209547277,-0.0335939451933544,0.430299055589778,-0.0335939451933544,0.0106765946511577,-0.287731818610662,NA,NA
5_16418530,KAV,5,16418530,0,0,-9,-9,1,-9,0.634,0.156553364,0.769646768,0.156553364,NA,NA,NA,NA
5_166892345,KAV,5,166892345,0,0,-9,0,1,-9,0.824,-0.110768003,0.826387861,-0.110768003,NA,NA,0.948,0.002780403
5_167671178,KAV,5,167671178,0,0,-9,-9,1,-9,0.828,0.158338227,0.883262008,0.158338227,NA,NA,NA,NA
5_18633669,KAV,5,18633669,0,0,-9,-9,1,-9,0.87,0.040852337,0.826387861,0.158418516,NA,NA,NA,NA
5_18633670,KAV,5,18633670,0,0,-9,-9,1,-9,0.87,0.040852337,0.826387861,0.158418516,NA,NA,NA,NA
5_19050196,KAV,5,19050196,1,1,0,0,1,1,0.0418,0.316795902,0.048036915,0.316795902,0.87,-0.12253218,0.784,0.03442391
5_207729392,KAV,5,207729392,-9,-9,0,-9,1,-9,NA,NA,NA,NA,0.815,0.11929554,NA,NA
5_207732263,KAV,5,207732263,0,0,0,-9,1,-9,0.155,0.164914658,0.95775811,0.164914658,0.271,-0.39496157,NA,NA
5_213059003,PLoS KAV,5,213059003,1,1,1,0,1,1,0.0079052557047884,0.156189496408203,0.0294301723340564,0.156189496408203,0.0323817060184337,-0.450071994003817,9.00126655927735e-06,-6.41489690955731
5_213260166,PLoS KAV,5,213260166,1,1,1,0,1,1,0.00840862066687325,0.102504233790123,0.0294301723340564,0.102504233790123,0.00863160266111753,0.297631377127445,0.533099373829566,-0.199224207856021
5_50086739,KAV,5,50086739,1,1,1,0,1,1,0.00359,0.458052615,0.015210998,0.458052615,0.000164,1.03622585,0.313,-0.08264261
5_61516168,PLoS KAV,5,61516168,0,0,0,0,1,-9,0.0201396596629905,-0.11182522921143,0.0640807352913336,-0.11182522921143,1.6295763220289e-05,-0.680241866870581,0.809171918769433,0.16851549466882
5_6618581,PLoS KAV,5,6618581,0,0,0,-9,1,-9,0.812033118729783,-0.0319963402990743,0.925006411472765,-0.0319963402990743,0.215383636344959,0.119622306346239,NA,NA
5_6683485,PLoS KAV,5,6683485,0,0,0,0,1,-9,0.254823251959397,-0.0477694000207332,0.398392214928422,-0.0477694000207332,0.206691725656143,0.175353857643534,0.631217534486727,0.298507701137477
5_77131074,PLoS KAV,5,77131074,0,0,0,0,1,-9,0.0402503447314935,-0.0622773069146616,0.108366312738636,-0.0622773069146616,2.8074747942966e-06,-0.329253070805753,0.899155677153816,0.159936351505735
5_9332023,PLoS KAV,5,9332023,0,0,0,0,1,-9,0.827557809911459,0.0115883421623055,0.925006411472765,0.0115883421623055,0.19477970695799,-0.18548879809324,0.662369142058269,0.165907232123474
5_94095865,KAV,5,94095865,0,0,1,-9,1,1,0.772,0.190899155,0.408474397,0.190899155,0.0206,1.62945921,NA,NA
6_154785052,KAV,6,154785052,1,1,0,0,1,1,0.0114,0.422438846,0.004098291,0.86148458,0.271,0.37424294,0.981,0.006074567
6_89686818,PLoS KAV,6,89686818,0,0,0,0,1,-9,0.882369841131231,-0.0035805291228438,0.93584680119979,-0.0035805291228438,0.194337270592422,-0.0559270362004483,0.56776548252793,0.14878127180364
7_122701373,PLoS KAV,7,122701373,0,0,0,0,1,-9,0.334846203104839,0.0680182971246123,0.468784684346774,0.0680182971246123,0.215383636344959,0.205310774324369,0.949564599349218,-0.26317920274225
7_145077282,PLoS KAV,7,145077282,0,0,-9,0,1,-9,0.941888134722029,0.00599683728235573,0.956982827194176,0.00599683728235573,NA,NA,0.0193546689888704,-0.167904461557049
7_162950028,KAV,7,162950028,0,0,0,0,1,-9,0.873,-0.018056709,0.85196178,-0.018056709,0.00683,-0.80788625,0.326,-0.058167048
7_164661579,PLoS KAV,7,164661579,0,0,0,0,1,-9,0.00284973196740701,-0.0581985025563639,0.0249351547148114,-0.0581985025563639,0.028805190668859,-0.0781235449411494,0.949564599349218,0.12471352055172
7_21636228,PLoS KAV,7,21636228,-9,-9,-9,0,1,-9,NA,NA,NA,NA,NA,NA,0.951478258955986,-0.184180524199648
8_113632931,Control,8,113632931,0,0,0,-9,1,-9,0.435180254715788,0,0.435180254715788,0,0.0763022063590555,0,NA,NA
8_124937344,KAV,8,124937344,1,1,-9,-9,1,1,0.00042,1.988564576,0.004098291,1.988564576,NA,NA,NA,NA
8_165169146,KAV,8,165169146,0,0,0,0,1,-9,6.18e-06,-0.83067155,0.004577668,-0.658991378,0.189,-0.95121763,9.9e-05,-0.211511004
8_167561571,KAV,8,167561571,0,0,0,0,1,-9,0.0103,-0.30460431,0.107300901,-0.30460431,0.114,0.55568883,0.948,-0.006608746
8_167756476,KAV,8,167756476,0,0,0,0,1,-9,0.0107,-0.421989445,0.038739478,-0.421989445,0.202,-0.41264081,0.119,0.111418529
8_168020311,PLoS KAV,8,168020311,0,0,0,-9,1,-9,0.845720147632242,-0.00650821290667728,0.925006411472765,-0.00650821290667728,0.215383636344959,-0.0639551234017298,NA,NA
8_168023686,KAV,8,168023686,0,0,0,0,1,-9,0.655,0.114726306,0.357331467,0.114726306,0.0347,-0.94147238,0.807,-0.03935246
8_169192148,PLoS KAV,8,169192148,0,0,0,0,1,-9,0.261800598381534,0.087061314945899,0.398392214928422,0.087061314945899,0.17566655982025,0.125775304851275,0.0372539632679217,-0.399687601390334
8_1831104,Control,8,1831104,0,0,1,1,1,1,0.0655804392012863,0,0.0655804392012863,0,0.000417631128841219,0,0.0257144137075964,0
8_19657455,KAV,8,19657455,0,0,1,0,1,1,0.114,-0.199794277,0.687358518,-0.199794277,0.0446,0.34880109,0.119,0.053263511
9_139948749,PLoS KAV,9,139948749,0,0,0,1,1,1,0.00646138496682156,-0.0771546846919492,0.0294301723340564,-0.0771546846919492,0.688511750646183,0.0405774013036039,4.33717876561164e-05,0.00962901143283579
9_148646606,KAV,9,148646606,0,0,0,0,1,-9,0.819,-0.039474221,0.912006752,-0.039474221,0.339,0.26782647,0.00464,-0.183870749
9_154391013,Control,9,154391013,0,0,-9,-9,1,-9,0.20004663210779,0,0.20004663210779,0,NA,NA,NA,NA
9_5015087,Control,9,5015087,0,0,0,0,1,-9,0.865402028171777,0,0.865402028171777,0,0.0872275974713701,0,0.676132811245216,0
9_5015094,Control,9,5015094,0,0,0,0,1,-9,0.296371237715382,0,0.296371237715382,0,0.764090333648069,0,0.270855724555241,0
9_6491295,PLoS KAV,9,6491295,0,0,0,1,1,1,0.0505245128504852,-0.0701548349850185,0.126311282126213,-0.0701548349850185,0.182422529267118,-0.0765743803593706,0.00800466339402128,0.286000689140034
9_6491625,PLoS KAV,9,6491625,0,0,0,0,1,-9,0.10650613219548,-0.0433832246213813,0.196195506675885,-0.0433832246213813,0.0942522523216823,-0.15526987062284,0.386529810580175,0.0903165700959713
